0.780063,inf
0.663427,0.191185
0.657724,0.564291
0.564291,0.585706
0.554364,0.523049
0.553842,0.53396
0.553186,0.663427
0.541867,0.512077
0.53396,0.819605
0.53396,0.553842
0.523049,0.553186
0.516805,0.19713
0.512077,0.780063
0.512077,0.541867
0.50207,0.554364
0.196085,0.198652
0.19604,0
0.194502,0
0.194502,0
0.194502,0
0.194502,0
0.194502,0
0.194502,0
0.194502,0
0.194502,0
0.194502,0.0053619
0.194502,0.0148241
0.194502,0.0148241
0.194502,0.0148241
0.194502,0.0050465
0.194502,0.0406874
0.194502,0
0.194502,0
0.194502,0
0.194502,0
0.194502,0.0236554
0.194502,0.0482571
0.194502,0.0684431
0.194502,0
0.194502,0
0.194502,0
0.194502,0
0.194502,0
0.194502,0
0.194502,0
0.194502,0.0473109
0.194502,0.0797977
0.194502,0
0.194502,0
0.194502,0.0797977
0.194502,0.0290173
0.194502,0.0400566
0.194502,0.0154549
0.194502,0
0.194502,0
0.194502,0
0.194502,0
0.194502,0
0.194502,0.0797977
0.194502,0.0548806
0.194502,0.0463647
0.194502,0.0287019
0.194502,0.0381641
0.194502,0.0268095
0.194502,0.0132471
0.194502,0.0132471
0.194502,0.0797977
0.194502,0.0797977
0.194502,0.0797977
0.194502,0.0797977
0.194502,0.0797977
0.194502,0.0797977
0.194502,0.0797977
0.194502,0.0797977
0.194502,0.0797977
0.194502,0.0797977
0.194502,0.0227092
0.194502,0.0630812
0.194502,0.0797977
0.194502,0.0797977
0.194502,0.0797977
0.194502,0.0378487
0.194502,0.0797977
0.194502,0.0785361
0.194502,0.0479417
0.194502,0.0797977
0.193734,0
0.193734,0.0268095
0.193734,0.0797977
0.192965,0.0791669
0.192965,0.0797977
0.192196,0.0160857
0.191427,0.0797977
0.189121,0
0.189121,0.0775899
0.187583,0
0.182971,0
0.182971,0.0447876
0.179896,0.073805
0.179127,0
0.178358,0
0.177589,0.0797977
0.17492,0.19297
0.172951,0.178095
0.171928,0.175806
0.171405,0.181706
0.171292,0.195307
0.169937,0.196598
0.168954,0.201835
0.168477,0.169398
0.168381,0.200175
0.168171,0.190768
0.167921,0.202853
0.167332,0.189054
0.166971,0.172452
0.165754,0.198995
0.165104,0.181841
0.164497,0.170577
0.163856,0.191294
0.16341,0.199041
0.163339,0.18472
0.163177,0.17588
0.162338,0.18888
0.161542,0.197342
0.160996,0.194542
0.160392,0.189351
0.159362,0.171212
0.15877,0.195987
0.158688,0.186919
0.158515,0.165829
0.158336,0.16985
0.158187,0.204007
0.158073,0.187826
0.15788,0.176724
0.157768,0.17129
0.156803,0.186732
0.156467,0.15694
0.15632,0.193964
0.155954,0.179674
0.155815,0.176001
0.155314,0.19959
0.155309,0.189806
0.155286,0.190742
0.154227,0.175526
0.154124,0.183845
0.153755,0.156481
0.152951,0.177094
0.152814,0.18394
0.152401,0.174046
0.152321,0.189785
0.151873,0.201876
0.151729,0.162367
0.15138,0.187038
0.151119,0.204679
0.151091,0.184031
0.15074,0.192545
0.150557,0.158864
0.15036,0.20694
0.150077,0.203931
0.149913,0.166258
0.149261,0.173888
0.149155,0.184668
0.149075,0.150275
0.149052,0.184443
0.149004,0.158802
0.148552,0.195316
0.14854,0.169271
0.148452,0.195516
0.148323,0.188621
0.147863,0.178585
0.147479,0.200561
0.147329,0.169256
0.146821,0.160187
0.146598,0.147514
0.146316,0.17057
0.146299,0.15074
0.146096,0.177106
0.145625,0.18013
0.145491,0.174833
0.145152,0.160144
0.145105,0.179978
0.145043,0.171429
0.145032,0.184669
0.144847,0.182454
0.144561,0.171956
0.144466,0.19083
0.144414,0.182113
0.144336,0.174702
0.143627,0.177886
0.143145,0.186843
0.143073,0.190296
0.142878,0.158058
0.142594,0.185738
0.142561,0.173242
0.142534,0.190134
0.142118,0.204104
0.141999,0.205966
0.141935,0.181659
0.141693,0.202056
0.141332,0.181283
0.14121,0.165493
0.141194,0.190074
0.141141,0.206095
0.140973,0.176465
0.140429,0.159251
0.14041,0.192121
0.139931,0.188563
0.13986,0.197266
0.139746,0.151314
0.139701,0.200613
0.139669,0.168889
0.139575,0.176156
0.139551,0.175738
0.139089,0.162689
0.139001,0.191297
0.138743,0.188398
0.137977,0.1866
0.137894,0.1913
0.137844,0.181987
0.13783,0.145874
0.137604,0.167136
0.137337,0.165208
0.137319,0.196718
0.137147,0.156942
0.136988,0.172933
0.136833,0.183768
0.136506,0.187019
0.136204,0.21577
0.135957,0.179811
0.135948,0.183727
0.135914,0.202487
0.135885,0.197563
0.134771,0.155855
0.134086,0.175254
0.133805,0.198963
0.133712,0.186733
0.133351,0.209244
0.133297,0.185342
0.133119,0.190743
0.133062,0.19605
0.133,0.186339
0.132711,0.184472
0.132536,0.179882
0.132514,0.172091
0.132089,0.188156
0.132074,0.175263
0.131903,0.177179
0.131879,0.181004
0.131773,0.193995
0.131672,0.189072
0.131458,0.202165
0.131375,0.171802
0.131363,0.177178
0.131177,0.193124
0.131155,0.188777
0.131152,0.193893
0.130853,0.138912
0.130807,0.171447
0.130714,0.201708
0.130687,0.199609
0.130676,0.194064
0.130616,0.139854
0.130278,0.191882
0.12995,0.130616
0.129762,0.193098
0.129736,0.176921
0.129496,0.188958
0.12949,0.137361
0.129412,0.175746
0.12925,0.187905
0.129241,0.170063
0.129188,0.195015
0.1291,0.193205
0.129099,0.204297
0.129002,0.199266
0.128953,0.156933
0.128859,0.146974
0.12877,0.193459
0.128676,0.195992
0.128048,0.155209
0.128047,0.191348
0.127922,0.170369
0.12783,0.16516
0.127558,0.194795
0.127539,0.178679
0.127518,0.181633
0.127464,0.201927
0.127458,0.153045
0.127306,0.139004
0.127285,0.149305
0.127245,0.197314
0.12724,0.141652
0.126808,0.212247
0.126713,0.18799
0.126581,0.135829
0.12642,0.185026
0.126297,0.175051
0.126053,0.180778
0.12573,0.195671
0.125628,0.194126
0.125275,0.202115
0.125218,0.186089
0.124986,0.158899
0.124627,0.209897
0.12447,0.197782
0.124274,0.205855
0.124066,0.150334
0.123928,0.175713
0.123746,0.20545
0.123709,0.143697
0.123687,0.185972
0.123609,0.179284
0.123593,0.188944
0.123433,0.123887
0.123406,0.193212
0.123391,0.168712
0.123317,0.205886
0.123311,0.187294
0.123248,0.155464
0.123135,0.189717
0.122862,0.186888
0.122778,0.183959
0.122626,0.18285
0.122616,0.209041
0.122354,0.192075
0.122344,0.176167
0.122282,0.169983
0.122248,0.193004
0.12208,0.14101
0.121944,0.215829
0.121843,0.12738
0.12183,0.205876
0.121642,0.172602
0.121641,0.176757
0.121594,0.182967
0.121546,0.128
0.12152,0.125403
0.121507,0.132818
0.121154,0.194558
0.12114,0.148409
0.121092,0.161415
0.121091,0.194011
0.121061,0.177476
0.121056,0.19131
0.121044,0.16529
0.120994,0.123736
0.12097,0.177391
0.120953,0.152182
0.120678,0.205079
0.120517,0.154522
0.120488,0.146175
0.120465,0.202418
0.120341,0.132651
0.120183,0.136501
0.120168,0.131213
0.120155,0.190246
0.120145,0.129935
0.120122,0.188904
0.120061,0.201348
0.120034,0.191189
0.119995,0.206323
0.119794,0.130669
0.119538,0.207113
0.119432,0.182998
0.119372,0.123185
0.119253,0.17712
0.119161,0.199323
0.119123,0.142187
0.119037,0.188113
0.119023,0.177462
0.118816,0.190243
0.11874,0.136676
0.118735,0.18457
0.118683,0.176905
0.118658,0.12359
0.118613,0.201371
0.118484,0.177484
0.118422,0.152918
0.118399,0.196767
0.118223,0.194213
0.118121,0.175974
0.117938,0.197584
0.117859,0.205855
0.117783,0.191943
0.117766,0.222533
0.117757,0.179939
0.117662,0.125387
0.117636,0.18605
0.117616,0.197929
0.117477,0.179887
0.117444,0.19759
0.117236,0.194509
0.117192,0.185874
0.117134,0.167449
0.116917,0.170921
0.116887,0.185876
0.116849,0.196342
0.116835,0.194236
0.116818,0.194495
0.116778,0.132078
0.116716,0.202661
0.116588,0.20193
0.116521,0.130182
0.116382,0.179713
0.116325,0.207177
0.116263,0.193376
0.116205,0.187928
0.115991,0.11898
0.115895,0.148008
0.115876,0.200446
0.115787,0.156661
0.115715,0.166933
0.11571,0.120692
0.115579,0.133792
0.115494,0.128339
0.115491,0.184884
0.115371,0.179758
0.115324,0.182964
0.11522,0.130658
0.115209,0.193078
0.115189,0.192367
0.115125,0.188237
0.114992,0.123375
0.114889,0.139133
0.114762,0.179392
0.114751,0.133146
0.114733,0.173207
0.114656,0.116125
0.114641,0.178972
0.114628,0.152042
0.114595,0.148709
0.114543,0.183204
0.114512,0.163886
0.114484,0.118755
0.114477,0.192239
0.114455,0.129502
0.114436,0.193366
0.11439,0.18834
0.114317,0.186507
0.114315,0.1991
0.114184,0.149398
0.114054,0.186457
0.114023,0.124335
0.114018,0.153361
0.114013,0.133949
0.113991,0.161559
0.113962,0.164842
0.113868,0.127282
0.113856,0.20724
0.113812,0.208547
0.113791,0.169893
0.113741,0.177858
0.113661,0.138524
0.113651,0.19641
0.113615,0.18404
0.113464,0.178984
0.113361,0.124504
0.113232,0.201063
0.113191,0.118474
0.113034,0.152984
0.112916,0.187109
0.112887,0.205882
0.112881,0.187443
0.112828,0.154704
0.11277,0.177131
0.112756,0.207177
0.11269,0.145323
0.112629,0.12781
0.112582,0.182021
0.112575,0.136135
0.112536,0.166058
0.11245,0.138456
0.112409,0.179419
0.112402,0.174863
0.112381,0.19454
0.112357,0.136172
0.112294,0.167888
0.112279,0.120567
0.112278,0.188496
0.112,0.194428
0.111975,0.200308
0.111725,0.175458
0.111675,0.182823
0.111649,0.157088
0.111627,0.164652
0.111609,0.189346
0.111554,0.143057
0.111531,0.188742
0.111511,0.1421
0.111352,0.190889
0.111348,0.198025
0.111195,0.122239
0.111081,0.19239
0.111076,0.167859
0.111066,0.199828
0.110949,0.194921
0.110933,0.198493
0.110923,0.174871
0.11091,0.183846
0.110885,0.188419
0.110856,0.197996
0.110803,0.183744
0.110765,0.132349
0.110704,0.124443
0.110697,0.130596
0.110635,0.198076
0.110565,0.191144
0.110538,0.112811
0.110485,0.18045
0.110481,0.191527
0.110391,0.1683
0.110387,0.124701
0.110379,0.170225
0.110259,0.114781
0.110179,0.212311
0.110113,0.18489
0.109848,0.161011
0.109842,0.134174
0.109712,0.196555
0.109682,0.135226
0.109664,0.144228
0.109559,0.134152
0.109542,0.190916
0.109472,0.134716
0.10943,0.198859
0.109427,0.180602
0.109418,0.187932
0.109362,0.165694
0.109357,0.171457
0.109332,0.179056
0.109291,0.146116
0.109259,0.188599
0.109228,0.160206
0.109219,0.166557
0.109168,0.199768
0.109075,0.197799
0.109014,0.172862
0.108969,0.114388
0.108906,0.18244
0.108876,0.116957
0.108866,0.152679
0.108851,0.114041
0.108774,0.193771
0.108729,0.19711
0.1087,0.128375
0.108695,0.17263
0.108669,0.149563
0.108646,0.193121
0.10861,0.112381
0.108553,0.144722
0.108552,0.190811
0.108528,0.141843
0.108512,0.163965
0.108486,0.203357
0.10844,0.198068
0.108434,0.168438
0.108414,0.161492
0.108412,0.116554
0.108405,0.187561
0.108389,0.198062
0.108358,0.205089
0.108356,0.153536
0.108349,0.198523
0.108342,0.113856
0.108151,0.159075
0.10813,0.197689
0.108126,0.201172
0.10809,0.11315
0.108073,0.171511
0.108044,0.121749
0.108034,0.183359
0.108028,0.184274
0.107969,0.142543
0.107948,0.150292
0.107941,0.185858
0.107934,0.171547
0.10793,0.194261
0.107914,0.183247
0.107901,0.197979
0.107876,0.180806
0.107867,0.190692
0.107836,0.202632
0.10772,0.195804
0.107442,0.190612
0.107325,0.197733
0.107309,0.124845
0.107245,0.144449
0.107197,0.192113
0.107166,0.186158
0.107125,0.192096
0.107102,0.173036
0.107034,0.151619
0.107023,0.113718
0.10701,0.198149
0.106974,0.149055
0.106896,0.162853
0.106876,0.186246
0.106874,0.181262
0.106776,0.189302
0.106722,0.144861
0.106651,0.111756
0.106615,0.186454
0.106548,0.110383
0.106546,0.181025
0.106543,0.17238
0.106501,0.191229
0.106407,0.199208
0.106319,0.122543
0.106315,0.108784
0.106278,0.180012
0.106276,0.183523
0.106255,0.192448
0.106227,0.122782
0.106187,0.130961
0.106147,0.202608
0.106146,0.177829
0.106042,0.185802
0.106026,0.180111
0.106022,0.176208
0.105896,0.164486
0.1057,0.136599
0.105692,0.172011
0.105624,0.206572
0.105528,0.186289
0.105473,0.174733
0.10547,0.146132
0.105395,0.177171
0.105338,0.138036
0.105187,0.202612
0.105159,0.158999
0.105144,0.183549
0.105091,0.115926
0.105064,0.17657
0.104952,0.174245
0.104941,0.110114
0.104927,0.131856
0.10492,0.124104
0.104801,0.187126
0.10478,0.192141
0.104729,0.12662
0.104705,0.108789
0.104677,0.187111
0.104579,0.158956
0.104553,0.199935
0.10445,0.152928
0.104389,0.198886
0.104351,0.165648
0.104299,0.183717
0.104207,0.110044
0.104181,0.182796
0.10418,0.172661
0.104144,0.11669
0.103926,0.165051
0.103923,0.181766
0.103895,0.179941
0.103851,0.1085
0.103714,0.184603
0.103655,0.115811
0.103603,0.188743
0.103368,0.189426
0.103286,0.155163
0.103255,0.175385
0.103245,0.191658
0.103227,0.106208
0.10322,0.197888
0.103201,0.149135
0.103127,0.206573
0.103119,0.1975
0.103043,0.178229
0.10303,0.180837
0.103001,0.175891
0.102962,0.111138
0.102942,0.178097
0.102897,0.18578
0.102881,0.215813
0.102881,0.207707
0.102867,0.1171
0.102756,0.207724
0.102698,0.2082
0.102664,0.121639
0.102638,0.113195
0.10261,0.193481
0.102563,0.197148
0.102533,0.116434
0.102487,0.106726
0.102483,0.143005
0.102436,0.182315
0.102349,0.185736
0.102323,0.207324
0.102303,0.133095
0.102292,0.114588
0.102234,0.140644
0.102198,0.210588
0.10216,0.180115
0.102089,0.194064
0.102086,0.142222
0.102041,0.186029
0.102009,0.157512
0.102008,0.116564
0.102001,0.175441
0.101989,0.125956
0.101972,0.129016
0.101905,0.186651
0.101849,0.146004
0.101797,0.182855
0.101786,0.188903
0.101758,0.176095
0.101685,0.116462
0.101671,0.200782
0.101597,0.200625
0.101584,0.13536
0.101561,0.183153
0.101554,0.107686
0.101547,0.108813
0.101516,0.17965
0.1014,0.190521
0.101281,0.114093
0.101276,0.19739
0.101233,0.216492
0.101182,0.115646
0.10114,0.205248
0.10108,0.202267
0.101028,0.144858
0.101019,0.196531
0.100989,0.200095
0.100982,0.198334
0.100933,0.1498
0.100899,0.177819
0.100889,0.185026
0.100798,0.20355
0.10073,0.19131
0.100705,0.180339
0.100647,0.202181
0.100647,0.137991
0.100628,0.175099
0.100567,0.190601
0.100557,0.199196
0.100523,0.200165
0.100521,0.12262
0.100477,0.192286
0.100453,0.10368
0.100437,0.195913
0.100412,0.182068
0.100331,0.106395
0.100329,0.121823
0.100257,0.128228
0.100251,0.177947
0.100238,0.105334
0.100233,0.20907
0.100075,0.126667
0.100065,0.136848
0.100054,0.105609
0.100038,0.193683
0.0999975,0.130249
0.0999637,0.111231
0.0998607,0.194433
0.0998177,0.149287
0.0996959,0.18295
0.0996911,0.213011
0.0996752,0.141759
0.0996123,0.17707
0.0995259,0.213024
0.0995072,0.195387
0.0994814,0.171759
0.099424,0.209403
0.0993664,0.185853
0.0992515,0.213148
0.0990865,0.174731
0.0990053,0.128889
0.0989911,0.179896
0.0989698,0.192592
0.0989625,0.133244
0.0988956,0.195795
0.0988617,0.150166
0.098859,0.183563
0.0987986,0.191995
0.0987795,0.111587
0.0987726,0.178795
0.0986918,0.111622
0.098615,0.177261
0.0986099,0.190963
0.0986074,0.10099
0.098576,0.193692
0.0985275,0.116918
0.0984383,0.187932
0.0984344,0.164654
0.0983923,0.188299
0.098376,0.111216
0.0983198,0.164543
0.098262,0.131243
0.0982598,0.10377
0.0982167,0.137992
0.0982036,0.154052
0.0980969,0.118149
0.0980899,0.103403
0.0980642,0.185018
0.0980621,0.192517
0.0980341,0.194228
0.0980253,0.163799
0.0979952,0.188897
0.0979489,0.198369
0.0979417,0.116422
0.0979155,0.196876
0.0978978,0.168581
0.0978875,0.15877
0.0978699,0.183451
0.097866,0.10763
0.0978611,0.17603
0.0978491,0.200411
0.0978339,0.174838
0.0978186,0.178111
0.0978019,0.193735
0.0977996,0.111783
0.0977886,0.184208
0.0977832,0.20656
0.0976977,0.10984
0.0976951,0.117577
0.0973452,0.104056
0.0973028,0.125871
0.0972963,0.106779
0.097278,0.109528
0.0972449,0.135121
0.0972059,0.180629
0.0972043,0.104954
0.0971723,0.18005
0.0971508,0.19128
0.0971119,0.187812
0.097098,0.205825
0.0970052,0.177861
0.097,0.17655
0.096879,0.154496
0.0968436,0.175003
0.0968241,0.0988845
0.0967214,0.175321
0.0966508,0.1245
0.0966412,0.110397
0.0966082,0.196667
0.0965804,0.174382
0.096561,0.201049
0.0965357,0.114517
0.0964763,0.171744
0.0964559,0.0995209
0.0964345,0.187858
0.0964255,0.131156
0.0963794,0.20735
0.0963139,0.124306
0.0962509,0.18289
0.0962354,0.193451
0.0962242,0.11107
0.09621,0.192747
0.096204,0.0997162
0.0960869,0.203291
0.096076,0.196211
0.0960726,0.133411
0.0960173,0.141898
0.0960083,0.201618
0.0959999,0.112557
0.0959694,0.187512
0.0959611,0.143163
0.0959537,0.105848
0.095921,0.209185
0.095906,0.108659
0.0959046,0.182042
0.0958902,0.147595
0.0958434,0.200344
0.0957568,0.191966
0.0957404,0.146168
0.0956873,0.186987
0.0956836,0.168656
0.0956658,0.129585
0.0955996,0.11324
0.0955942,0.185436
0.0955426,0.116093
0.0955325,0.134147
0.0955239,0.193623
0.0954888,0.107166
0.0954867,0.118175
0.0954693,0.146778
0.0954224,0.116495
0.0954117,0.111392
0.0953359,0.13258
0.0953074,0.190588
0.0952884,0.167523
0.0952715,0.172711
0.0952248,0.11277
0.0951017,0.10648
0.0950526,0.199499
0.0950163,0.130166
0.0949756,0.182767
0.0949686,0.111425
0.0948864,0.188101
0.0948855,0.101245
0.0948802,0.182082
0.094828,0.116746
0.094797,0.186439
0.0947692,0.129885
0.0947492,0.193151
0.0947235,0.100855
0.0946918,0.100421
0.0946406,0.108225
0.0946124,0.100971
0.09457,0.169391
0.094557,0.184569
0.0945374,0.151238
0.0945249,0.102889
0.0944611,0.20884
0.0944606,0.185906
0.094394,0.169092
0.0943704,0.140591
0.0943661,0.153291
0.0943247,0.125771
0.0943184,0.185125
0.0942621,0.110407
0.0942411,0.190474
0.0941791,0.121889
0.0941753,0.182949
0.094168,0.109942
0.094153,0.133799
0.0941388,0.173221
0.094102,0.101755
0.0940843,0.199146
0.0940719,0.108424
0.0940708,0.107666
0.0940569,0.208849
0.0940521,0.181314
0.0940481,0.0967286
0.0940142,0.182118
0.0939375,0.141233
0.0938662,0.179797
0.0938522,0.195229
0.0938459,0.141751
0.0938385,0.176961
0.09382,0.133121
0.0938181,0.19524
0.0938063,0.0988266
0.0938015,0.120574
0.0937467,0.158291
0.0937401,0.153134
0.0937223,0.0961794
0.0937091,0.190908
0.0936173,0.198421
0.0935217,0.187151
0.0934848,0.102799
0.0934706,0.122401
0.0934661,0.188846
0.093464,0.187311
0.0934622,0.107772
0.0934184,0.187536
0.0933582,0.183129
0.0933579,0.125345
0.0933571,0.180965
0.0933358,0.201436
0.0933287,0.195732
0.0933195,0.159005
0.0933113,0.106442
0.093304,0.211123
0.0932972,0.119532
0.0932622,0.178127
0.09324,0.186842
0.093202,0.196331
0.0931684,0.129404
0.0931024,0.178237
0.0930663,0.171223
0.0930529,0.21211
0.093004,0.203531
0.0929632,0.122026
0.0929166,0.184186
0.0928981,0.184695
0.0928842,0.18515
0.0928403,0.197018
0.0927962,0.14226
0.0927252,0.16935
0.0926047,0.122026
0.0925743,0.112697
0.0925652,0.105402
0.0925166,0.169992
0.0925158,0.105036
0.0925029,0.115505
0.0924898,0.0955947
0.0924682,0.184126
0.09246,0.0930165
0.0924284,0.0951668
0.0924,0.195964
0.0923884,0.104564
0.0923817,0.104088
0.0923809,0.190842
0.09236,0.145509
0.0923409,0.145891
0.092335,0.192854
0.0922808,0.193234
0.092276,0.14558
0.0922665,0.19632
0.0922266,0.107773
0.0921154,0.176113
0.0920844,0.194679
0.0920792,0.185289
0.092041,0.143356
0.0920248,0.194007
0.0920232,0.0974915
0.0920167,0.190964
0.0920004,0.136588
0.0920003,0.0957386
0.0919913,0.17142
0.0919258,0.119713
0.0918963,0.11282
0.0918807,0.207243
0.0918203,0.103185
0.0917996,0.186448
0.0917446,0.18193
0.0917219,0.18093
0.0917158,0.194661
0.091658,0.13737
0.0916571,0.100825
0.0916444,0.169862
0.0916367,0.168429
0.0916014,0.192895
0.091594,0.103395
0.0915872,0.196902
0.0914736,0.104327
0.0914371,0.115659
0.0914011,0.108378
0.0913913,0.193844
0.0913749,0.201595
0.0913732,0.112897
0.0913638,0.0953504
0.0913498,0.191946
0.0913262,0.106916
0.0913243,0.214795
0.0912646,0.107722
0.0912562,0.150853
0.0911592,0.0946086
0.0911529,0.10426
0.091051,0.196717
0.0910386,0.188613
0.090991,0.199499
0.0909867,0.178892
0.0909447,0.111825
0.090942,0.195321
0.0909318,0.0960997
0.0909097,0.12276
0.0908437,0.187315
0.0908163,0.175708
0.0908157,0.129369
0.0907715,0.170799
0.0907569,0.202387
0.0907352,0.110471
0.0907081,0.144234
0.0906598,0.102121
0.0906441,0.184217
0.0906149,0.180431
0.0905996,0.204735
0.0905681,0.167214
0.0905515,0.198911
0.0905178,0.124398
0.0904919,0.197459
0.0904399,0.180016
0.0904121,0.19116
0.0903907,0.114536
0.0903629,0.122443
0.0903296,0.100584
0.0903159,0.110673
0.0902695,0.139631
0.0902465,0.116061
0.090245,0.213547
0.0902366,0.103495
0.0902232,0.208504
0.0902088,0.1855
0.0901958,0.194542
0.0901804,0.190008
0.0901728,0.215094
0.0901402,0.124507
0.090136,0.173929
0.0901243,0.116529
0.0900924,0.173207
0.0900248,0.0966707
0.0900092,0.138808
0.0899989,0.0924672
0.0899611,0.107717
0.089959,0.106146
0.0899551,0.0954432
0.0899399,0.124598
0.0899132,0.101218
0.0898718,0.109982
0.0898712,0.198288
0.089863,0.199258
0.0897651,0.156898
0.089742,0.191605
0.0896809,0.102901
0.0896621,0.202929
0.089649,0.188858
0.0896164,0.181975
0.0896151,0.177431
0.0895625,0.0951284
0.0895295,0.17501
0.0895099,0.097822
0.0894966,0.0976628
0.0894844,0.18251
0.0894716,0.100187
0.0894611,0.0913908
0.0894571,0.176299
0.0894527,0.174856
0.0894516,0.205192
0.0894256,0.18948
0.0894157,0.182036
0.0893526,0.110588
0.0893318,0.126121
0.0893021,0.197893
0.0892674,0.175409
0.0892539,0.153819
0.0892311,0.182865
0.0892187,0.174825
0.0892024,0.191644
0.0891786,0.187188
0.089177,0.191845
0.089092,0.106618
0.0890829,0.0913429
0.0890627,0.188933
0.0890356,0.104948
0.0890328,0.12653
0.0889986,0.153914
0.0889814,0.169596
0.0889758,0.186097
0.088917,0.169238
0.0888486,0.199047
0.0888374,0.121099
0.0888303,0.0958046
0.0888226,0.223021
0.0888212,0.212484
0.0888104,0.134889
0.0887874,0.192402
0.0887784,0.214881
0.0887564,0.174789
0.0887153,0.200668
0.0887056,0.184056
0.088687,0.117796
0.0886719,0.0891067
0.08866,0.134296
0.0886414,0.1346
0.0886075,0.210354
0.0886045,0.193493
0.0885963,0.182452
0.0885506,0.185728
0.0885158,0.142812
0.0884974,0.113017
0.088446,0.191872
0.0884028,0.0923231
0.0883291,0.194082
0.0883258,0.171417
0.0883163,0.190512
0.0883033,0.0932587
0.0882549,0.1994
0.0882437,0.191181
0.0882249,0.209445
0.0882249,0.105503
0.0882215,0.099541
0.0881843,0.197207
0.0881805,0.194948
0.0881663,0.159567
0.0881609,0.18546
0.0881519,0.0946174
0.0881282,0.206539
0.088078,0.116543
0.0880697,0.199497
0.0880395,0.175491
0.0880178,0.0893283
0.0880101,0.196139
0.0879935,0.177918
0.0879548,0.201974
0.0879512,0.188888
0.0879506,0.105688
0.0879413,0.134172
0.0879366,0.124165
0.0879214,0.191385
0.0878891,0.19616
0.0878841,0.188239
0.0878826,0.101358
0.087873,0.0908442
0.0878348,0.120199
0.0878166,0.107908
0.0878077,0.176812
0.0878071,0.174706
0.0877972,0.089426
0.0877915,0.13167
0.0877694,0.15903
0.0877595,0.103908
0.0877548,0.121348
0.0877507,0.191289
0.0877472,0.211755
0.0877233,0.103684
0.0877205,0.172702
0.0877141,0.108157
0.0877082,0.198258
0.0876979,0.172688
0.0876833,0.185517
0.0876791,0.0952709
0.0876638,0.116507
0.0876565,0.186266
0.0875915,0.110194
0.0875893,0.112758
0.0875517,0.201438
0.0875439,0.137886
0.0875396,0.186717
0.0875389,0.0987364
0.087486,0.173708
0.087382,0.193605
0.087353,0.164473
0.0873378,0.195587
0.0873327,0.188968
0.0873301,0.106485
0.0873265,0.125131
0.0873223,0.126879
0.0873063,0.179334
0.0872987,0.123078
0.0872956,0.158846
0.087292,0.17997
0.0872762,0.121298
0.087255,0.13474
0.0872508,0.199673
0.0872276,0.184555
0.0872051,0.111355
0.0871843,0.210189
0.087169,0.190955
0.0871281,0.130566
0.0870922,0.105994
0.0870254,0.133032
0.0869964,0.196475
0.0869962,0.197505
0.0869856,0.205093
0.0869331,0.191176
0.0869196,0.0919247
0.0869141,0.122275
0.0869139,0.105264
0.0868863,0.181334
0.0868654,0.0910387
0.0868645,0.0898601
0.0868494,0.159266
0.0868229,0.175891
0.0868176,0.1991
0.0867868,0.0978179
0.0867783,0.197158
0.0867528,0.0938294
0.0867426,0.194524
0.0867417,0.107705
0.0867301,0.121898
0.0867214,0.0970911
0.0866778,0.121389
0.0866763,0.105052
0.0866719,0.122582
0.0866399,0.191374
0.0866254,0.203713
0.0866174,0.203672
0.0866163,0.0909734
0.0866066,0.104446
0.0866018,0.187551
0.0865695,0.194575
0.0865542,0.188729
0.0865387,0.141013
0.0865019,0.125305
0.0864503,0.206167
0.0864303,0.180681
0.0864294,0.203268
0.0864115,0.207418
0.0863888,0.102667
0.0863839,0.127602
0.0863441,0.0888435
0.0863351,0.179159
0.086305,0.112354
0.0862928,0.18557
0.0862793,0.167922
0.0862767,0.195314
0.0862588,0.0930245
0.0862343,0.18171
0.0862001,0.19316
0.0861516,0.0965212
0.0861479,0.0930455
0.0859787,0.0948081
0.0859755,0.0875631
0.0859684,0.100575
0.0859591,0.095418
0.0859361,0.101794
0.0859149,0.0941314
0.085907,0.167515
0.0859042,0.0936318
0.085899,0.187762
0.0858871,0.196201
0.0858698,0.200173
0.0858426,0.155566
0.0858403,0.0951441
0.0858343,0.189777
0.0858002,0.18304
0.085779,0.180526
0.0857692,0.18153
0.0857515,0.120668
0.0857031,0.181911
0.0856995,0.16937
0.0856942,0.194922
0.0856555,0.196203
0.0856198,0.191358
0.0856191,0.189577
0.0856185,0.127465
0.0856138,0.113736
0.0856026,0.0870515
0.0855685,0.200725
0.0855484,0.0861851
0.08554,0.128532
0.0855035,0.120161
0.0854966,0.101239
0.0854877,0.0878925
0.0854763,0.0975033
0.0854556,0.133998
0.0854293,0.201407
0.0854266,0.10343
0.0854033,0.0885875
0.0853937,0.192106
0.0853758,0.176338
0.0853754,0.141727
0.0853607,0.189505
0.0853526,0.0874261
0.0853278,0.101143
0.0853241,0.0960526
0.0853134,0.159323
0.085218,0.0914825
0.0852078,0.0935075
0.0851899,0.112739
0.0851543,0.113757
0.0851357,0.161379
0.085134,0.0902624
0.085128,0.0914386
0.0851012,0.146148
0.0850838,0.0926977
0.0850824,0.105084
0.0850689,0.199479
0.0850473,0.161153
0.0850414,0.164844
0.085006,0.0854557
0.0850057,0.0953561
0.0849961,0.194812
0.0849919,0.12695
0.0849829,0.183677
0.0849632,0.167476
0.084929,0.0922616
0.084914,0.133686
0.0849113,0.18368
0.0849089,0.0897341
0.0849062,0.123624
0.0848959,0.184379
0.0848408,0.105766
0.0848364,0.117151
0.0848209,0.189208
0.084795,0.128022
0.0847546,0.190157
0.0847215,0.193927
0.0847156,0.182612
0.084703,0.0914743
0.0846867,0.12881
0.0846356,0.182379
0.0845994,0.148649
0.0845911,0.194294
0.0845881,0.195961
0.0845742,0.110803
0.0845406,0.104567
0.0845259,0.170856
0.0845233,0.0899988
0.0845189,0.184843
0.0845009,0.18152
0.0844437,0.08818
0.084413,0.179803
0.0844021,0.189311
0.0843853,0.192915
0.0843691,0.120216
0.0843663,0.103652
0.0843529,0.195169
0.0843497,0.088523
0.0843114,0.0908215
0.0842862,0.117053
0.0842678,0.0923279
0.0842675,0.173958
0.084248,0.096385
0.0842172,0.184391
0.0842124,0.099089
0.0841993,0.100103
0.0841729,0.0907167
0.0841046,0.102936
0.0840888,0.11919
0.0840854,0.196201
0.0840757,0.10358
0.0840736,0.148265
0.0840698,0.18612
0.0840475,0.186918
0.0840384,0.20276
0.0840213,0.111075
0.0839405,0.131106
0.0838753,0.089078
0.0838743,0.11509
0.0838283,0.0934589
0.0837921,0.158287
0.0837891,0.1055
0.0837524,0.0931454
0.0837211,0.135235
0.0837189,0.097338
0.0837177,0.0859507
0.0836939,0.186734
0.0836629,0.117861
0.0836608,0.0917287
0.0836594,0.0993611
0.0836511,0.172985
0.083612,0.203232
0.0836039,0.0886594
0.0835803,0.215453
0.0835697,0.0874192
0.0835461,0.18812
0.0835451,0.0993967
0.083537,0.129873
0.08353,0.0985101
0.0835256,0.168224
0.0834929,0.103433
0.0834751,0.107583
0.0834746,0.200921
0.0834521,0.107723
0.0834448,0.12273
0.0833903,0.179606
0.0833808,0.0966062
0.0833561,0.0968349
0.083356,0.111255
0.0833358,0.202472
0.0833354,0.0858197
0.0833266,0.0840898
0.0833115,0.190536
0.0833101,0.0884846
0.0833031,0.190118
0.0832927,0.189805
0.0832856,0.0871034
0.0832729,0.18831
0.0832455,0.0942142
0.0832398,0.130381
0.0832231,0.0895486
0.0831889,0.192747
0.0831809,0.17262
0.0831499,0.100797
0.0831411,0.189042
0.0831291,0.100394
0.0831197,0.0835142
0.0831024,0.0939207
0.0830966,0.0907598
0.0830952,0.194792
0.0830942,0.114439
0.0830916,0.0912328
0.083077,0.185772
0.0830661,0.099501
0.083032,0.104396
0.0830297,0.0939566
0.0830076,0.150022
0.0829845,0.153451
0.0829748,0.207533
0.0829719,0.0869696
0.0829573,0.176966
0.0828819,0.179504
0.0828636,0.113031
0.0828336,0.0947701
0.0828258,0.0881389
0.0828121,0.177513
0.0828103,0.0853395
0.0828027,0.0905427
0.082713,0.204726
0.0827045,0.113961
0.0827043,0.0832835
0.0826995,0.12505
0.0826861,0.113464
0.082686,0.0981309
0.0826792,0.0852901
0.0826665,0.192244
0.0826488,0.0867105
0.0826458,0.223157
0.0826411,0.198977
0.0826385,0.201527
0.082631,0.19703
0.0826271,0.0867275
0.0825862,0.173909
0.0825859,0.186559
0.0825715,0.102982
0.0825677,0.133384
0.0825345,0.101823
0.0825267,0.20741
0.0824889,0.0934367
0.0824817,0.17542
0.0824586,0.0880479
0.0824458,0.0895429
0.0824352,0.101861
0.0824319,0.110985
0.0824224,0.18395
0.0824056,0.0859889
0.0824053,0.089069
0.0823823,0.110157
0.0823429,0.106359
0.0823353,0.116125
0.0823219,0.195075
0.0823211,0.15592
0.0823125,0.199121
0.0823007,0.141972
0.0822916,0.106462
0.0822774,0.190728
0.0822583,0.141896
0.0822419,0.101414
0.0822419,0.155799
0.0821985,0.113373
0.0821864,0.145942
0.082173,0.0839193
0.0821639,0.16001
0.0821514,0.0994234
0.08215,0.0939952
0.0821225,0.117706
0.0821082,0.172906
0.0820942,0.19033
0.0820862,0.182752
0.0820633,0.124584
0.0820566,0.174921
0.0820478,0.198706
0.0820425,0.0855712
0.0820413,0.166127
0.0820371,0.107601
0.0820246,0.0927213
0.0820215,0.0905127
0.0820188,0.189491
0.0820093,0.116536
0.0820091,0.103645
0.0819841,0.165808
0.0819665,0.105295
0.0819505,0.118749
0.0819422,0.0905456
0.0819364,0.121113
0.0819265,0.0912274
0.0819024,0.0971052
0.0818797,0.107311
0.0818683,0.14223
0.081865,0.194565
0.0818648,0.183146
0.081863,0.171741
0.0818314,0.0916058
0.0818167,0.17034
0.0818142,0.0832087
0.0817968,0.0890599
0.0817849,0.133921
0.0817831,0.095601
0.0817672,0.138058
0.0817582,0.107043
0.0817155,0.191917
0.081698,0.0862201
0.0816976,0.107413
0.0816641,0.11453
0.0816602,0.208262
0.0816171,0.095984
0.0815851,0.211163
0.0815513,0.197747
0.0815366,0.113336
0.0815337,0.112736
0.0814938,0.096322
0.0814615,0.215832
0.0814585,0.178542
0.0814315,0.101359
0.0814283,0.0993801
0.0814202,0.106484
0.0814192,0.0868322
0.081412,0.0885697
0.0813463,0.191026
0.0813029,0.103919
0.0812932,0.115635
0.0812644,0.166295
0.0812598,0.175522
0.0812532,0.174604
0.0812437,0.2025
0.0812108,0.168424
0.0812095,0.0879828
0.0811876,0.100906
0.0811779,0.0846899
0.0811623,0.175148
0.0811615,0.175222
0.081136,0.19014
0.0811347,0.184638
0.0811223,0.0977019
0.081122,0.152403
0.0811172,0.20143
0.0810831,0.0838241
0.0810787,0.184561
0.0810716,0.106443
0.0810611,0.0970338
0.08104,0.0940472
0.0810135,0.0826035
0.0810003,0.183083
0.0809748,0.093471
0.0809688,0.127162
0.0809604,0.0836377
0.0809599,0.182014
0.080943,0.172033
0.08092,0.191986
0.0809103,0.105861
0.0808853,0.199783
0.0808257,0.0955819
0.0808247,0.170875
0.0808079,0.192441
0.0808062,0.100124
0.0808027,0.0824092
0.0807988,0.12074
0.080765,0.0889402
0.0807458,0.0855381
0.0807379,0.0927017
0.0807317,0.112301
0.0806928,0.195729
0.08064,0.189021
0.0806177,0.11978
0.0806148,0.17909
0.0806043,0.214955
0.0805719,0.191436
0.0805219,0.131598
0.0804917,0.195894
0.0804826,0.100625
0.0804786,0.112202
0.0804708,0.180657
0.0803965,0.0903483
0.0803935,0.0860779
0.0803922,0.194302
0.0803653,0.176792
0.0802925,0.194404
0.0802862,0.0985036
0.0802834,0.210271
0.0802645,0.100788
0.0802541,0.088923
0.080223,0.104343
0.0802229,0.0855647
0.0802113,0.183013
0.0801774,0.151109
0.0801749,0.0913941
0.0801534,0.0997856
0.0801318,0.127764
0.0801264,0.174236
0.0801132,0.189174
0.08009,0.0975854
0.0800813,0.199648
0.0800696,0.101928
0.0800451,0.0808197
0.0800313,0.0899539
0.0800307,0.101782
0.0800304,0.205311
0.0800287,0.11344
0.0799886,0.16692
0.079986,0.096068
0.0799857,0.187094
0.0799821,0.170416
0.0799659,0.190159
0.0799658,0.196317
0.0799606,0.101608
0.0799404,0.0866173
0.0799204,0.202125
0.0799188,0.0862265
0.0799051,0.096531
0.0798753,0.0804452
0.0798703,0.0968844
0.0798657,0.130415
0.0798604,0.101164
0.0798526,0.122568
0.0798502,0.0810708
0.0798086,0.155873
0.079798,0.103028
0.0797799,0.0856471
0.0797771,0.0961537
0.0797592,0.166391
0.0797199,0.0839471
0.079713,0.187199
0.0797063,0.0891803
0.0797061,0.0938057
0.0796869,0.210557
0.0796847,0.196279
0.0796685,0.17898
0.0796384,0.101504
0.0796339,0.181742
0.0796154,0.0868272
0.0796136,0.0857233
0.0796089,0.188895
0.0795746,0.0957927
0.0795675,0.087495
0.0795567,0.115558
0.0795314,0.133906
0.0795302,0.0831861
0.0795286,0.181505
0.0795191,0.0894254
0.0795085,0.0814058
0.0795061,0.12924
0.0794993,0.101418
0.0794938,0.182087
0.0794899,0.0939795
0.0794691,0.133488
0.0794633,0.0875498
0.0794607,0.109062
0.0794316,0.118424
0.0794286,0.176018
0.0793998,0.0850689
0.0793971,0.185629
0.0793903,0.192494
0.0793895,0.185843
0.0793866,0.0816915
0.0793855,0.0813095
0.0793614,0.0909181
0.0793609,0.151837
0.0793558,0.088001
0.0793109,0.118204
0.0793092,0.171549
0.0792938,0.172623
0.0792584,0.155888
0.0792518,0.0892785
0.0792316,0.0900169
0.0792311,0.102713
0.0792062,0.088529
0.0792047,0.20475
0.0792015,0.084876
0.0791878,0.0857372
0.0791788,0.121063
0.0791778,0.184416
0.0791714,0.0828221
0.0791662,0.126334
0.07916,0.079582
0.0791274,0.100985
0.0791273,0.0836834
0.0791221,0.0820125
0.0791156,0.0851173
0.079102,0.131327
0.0790932,0.18019
0.0790839,0.0839892
0.0790704,0.0816276
0.0790607,0.0855514
0.0790505,0.172352
0.0790453,0.207776
0.079045,0.148944
0.0790435,0.173865
0.0790298,0.188534
0.0790046,0.122963
0.0789967,0.11966
0.0789779,0.189581
0.078962,0.0861984
0.0789599,0.0858544
0.0789466,0.108034
0.0789307,0.0797631
0.0789202,0.188015
0.07892,0.0798056
0.0789094,0.0859342
0.0789048,0.0932309
0.0788732,0.121108
0.0788679,0.179113
0.0788679,0.126808
0.0788611,0.182798
0.0788412,0.0791572
0.0788395,0.129266
0.078778,0.116932
0.0787671,0.160815
0.0787668,0.139385
0.0787659,0.100296
0.0787568,0.0858655
0.0787488,0.0980346
0.0787328,0.181199
0.0787017,0.115653
0.0786685,0.187674
0.0786683,0.204465
0.0786067,0.13446
0.0786059,0.179643
0.0785987,0.0900173
0.0785973,0.168774
0.0785828,0.204007
0.0785801,0.138093
0.0785662,0.127699
0.0785532,0.199651
0.0785507,0.0806595
0.0785306,0.185673
0.0785229,0.188222
0.0784892,0.0885183
0.0784845,0.192983
0.0784759,0.102404
0.0784748,0.22016
0.078472,0.134414
0.0784676,0.114075
0.0784649,0.220824
0.0784626,0.104288
0.0784516,0.219599
0.0784149,0.119896
0.0784106,0.197097
0.0784098,0.168199
0.078392,0.116556
0.078392,0.189187
0.0783842,0.16303
0.0783814,0.149935
0.0783795,0.0826939
0.0783633,0.20293
0.0783469,0.0843888
0.0783314,0.188234
0.0783153,0.21618
0.0782858,0.0975936
0.0782727,0.148919
0.0782693,0.0794742
0.0782602,0.205655
0.0782583,0.190136
0.0782395,0.137511
0.0782042,0.0966408
0.0781944,0.115487
0.078185,0.192726
0.0781832,0.101551
0.0781624,0.173281
0.0781572,0.181086
0.0781507,0.0796964
0.078124,0.184619
0.0781216,0.109579
0.0781014,0.0863565
0.0780901,0.206671
0.0780808,0.174909
0.0780537,0.108266
0.0780437,0.0823779
0.0780341,0.092314
0.0780208,0.141725
0.0780202,0.206969
0.0780121,0.0804733
0.0780009,0.209537
0.0779921,0.112837
0.0779899,0.0878817
0.0779774,0.0812653
0.0779668,0.183764
0.077963,0.191478
0.0779572,0.0997305
0.0779544,0.187652
0.0779427,0.196423
0.0779412,0.121843
0.0779388,0.152445
0.0779191,0.0997307
0.0779137,0.0925001
0.0779127,0.0817003
0.0779089,0.0862876
0.0779065,0.163558
0.0778985,0.0975831
0.0778921,0.181324
0.0778839,0.130114
0.0778768,0.12803
0.0778611,0.0915911
0.0778556,0.0805839
0.0778552,0.0931117
0.0778521,0.140192
0.0778201,0.199405
0.0778138,0.0944429
0.0778074,0.0837928
0.0777957,0.106587
0.0777955,0.0953056
0.0777856,0.10191
0.0777854,0.0825392
0.0777779,0.0814611
0.0777761,0.0799349
0.0777632,0.0780396
0.0777258,0.0863207
0.0777022,0.0835904
0.0776913,0.0796944
0.0776831,0.0777738
0.0776553,0.0881892
0.0776446,0.0882244
0.0776419,0.101994
0.0776334,0.189677
0.077593,0.184691
0.0775913,0.0806653
0.07759,0.0777971
0.0775889,0.0792496
0.0775879,0.171076
0.077587,0.191842
0.0775849,0.190141
0.0775808,0.170192
0.0775566,0.124433
0.0775472,0.125165
0.0775419,0.0883268
0.0775243,0.0778723
0.0775029,0.0979207
0.0774757,0.130623
0.0774676,0.183854
0.0774675,0.179289
0.0774613,0.132759
0.0774579,0.192391
0.0774541,0.216454
0.0774481,0.164233
0.0774407,0.126091
0.0774397,0.0880231
0.0774363,0.192846
0.0774329,0.186967
0.0774255,0.181869
0.0774233,0.0813905
0.0774145,0.081615
0.0774124,0.109924
0.0773885,0.183923
0.0773769,0.199602
0.0773763,0.118931
0.0773757,0.0894701
0.0773659,0.0940792
0.0773432,0.208935
0.0773412,0.083774
0.0773376,0.205475
0.0773277,0.0995508
0.0773088,0.0839537
0.0772965,0.138965
0.0772959,0.0820618
0.0772802,0.129565
0.0772731,0.0814514
0.0772622,0.186462
0.0772612,0.105836
0.0772549,0.0839431
0.0772308,0.0952451
0.0771886,0.0819718
0.0771797,0.191764
0.0771696,0.178041
0.0771639,0.0781025
0.0771589,0.0788477
0.077144,0.0793551
0.0771317,0.0883017
0.0771172,0.0780066
0.077114,0.082068
0.0770972,0.0861168
0.0770659,0.187616
0.077053,0.114322
0.0770462,0.0857239
0.0770286,0.200044
0.0770281,0.0910197
0.0770213,0.0975716
0.0770162,0.0963952
0.0770133,0.0903183
0.0770093,0.195677
0.0769981,0.191912
0.0769806,0.0972098
0.0769429,0.185836
0.0769349,0.100066
0.0769298,0.0790765
0.0769172,0.113391
0.0769161,0.102279
0.0769091,0.0952628
0.0769034,0.0794878
0.0768961,0.179034
0.0768872,0.168543
0.0768841,0.0950377
0.0768537,0.0902289
0.0768413,0.111224
0.0768391,0.100757
0.076835,0.0784565
0.0768161,0.0786283
0.0768103,0.181274
0.0768074,0.173803
0.076805,0.0891765
0.0767579,0.199852
0.0767514,0.0802058
0.0767478,0.110226
0.076727,0.177689
0.0767058,0.0865092
0.0766435,0.106401
0.0766372,0.0787447
0.0766285,0.198879
0.0766169,0.0878737
0.0766135,0.185465
0.0766086,0.201088
0.0766036,0.0820602
0.0766023,0.0783597
0.0765825,0.201506
0.076582,0.079586
0.076574,0.0778122
0.0765572,0.189986
0.0765532,0.190529
0.0765448,0.103952
0.0765335,0.083913
0.0765292,0.083819
0.076527,0.0864578
0.0765251,0.0786061
0.0765165,0.0952338
0.0765123,0.0812592
0.0765067,0.0859118
0.0764986,0.184255
0.0764806,0.0842119
0.0764684,0.0871636
0.0764616,0.133948
0.0764424,0.202241
0.0764396,0.0858296
0.0764181,0.0777322
0.0764143,0.102966
0.0764123,0.0990219
0.0764117,0.171743
0.0764068,0.0793782
0.0764028,0.2025
0.0763967,0.0770647
0.0763941,0.189486
0.076391,0.0991168
0.0763907,0.0924062
0.0763866,0.0841147
0.0763677,0.184749
0.0763598,0.100504
0.0763333,0.182376
0.0763301,0.0837973
0.0763211,0.184024
0.0763097,0.100628
0.0762976,0.0899213
0.0762699,0.0764624
0.0762638,0.0858954
0.0762492,0.102287
0.0762466,0.0779241
0.0762464,0.0835822
0.0762457,0.101013
0.0762457,0.082168
0.0762227,0.103516
0.0762123,0.0931222
0.0762118,0.0893141
0.076209,0.0801837
0.0762088,0.0927535
0.076208,0.0958383
0.0762078,0.181036
0.0762067,0.0900897
0.0762022,0.0930978
0.0762,0.0989963
0.0761947,0.093864
0.0761847,0.119685
0.0761844,0.0792535
0.0761707,0.0819615
0.0761575,0.0768572
0.0761562,0.101725
0.0761539,0.180692
0.0761297,0.173671
0.0761136,0.183972
0.0761075,0.0843024
0.0761038,0.100844
0.0760793,0.141869
0.0760682,0.176064
0.0760592,0.186255
0.0760439,0.0781873
0.0760432,0.0807464
0.07603,0.0826775
0.0760249,0.0762299
0.0760206,0.130814
0.0760074,0.186959
0.0760054,0.114626
0.0760037,0.0760716
0.0759835,0.0782481
0.0759786,0.175427
0.075976,0.195915
0.0759628,0.200587
0.075962,0.0954337
0.07595,0.0877341
0.0759492,0.126976
0.075944,0.0801963
0.0759432,0.0955056
0.0759322,0.0816906
0.0759183,0.192857
0.0759178,0.0931476
0.075897,0.126584
0.0758738,0.177582
0.0758712,0.0777134
0.0758597,0.0778579
0.0758565,0.107138
0.0758412,0.076823
0.0758402,0.0768972
0.0758188,0.143965
0.0758089,0.0806503
0.0758037,0.193675
0.0758019,0.0988387
0.0758006,0.188634
0.0757919,0.173637
0.075783,0.0766378
0.0757798,0.0815794
0.0757657,0.0905909
0.0757636,0.208621
0.0757636,0.0786685
0.0757597,0.107386
0.0757593,0.108512
0.0757571,0.171928
0.0757571,0.108439
0.0757562,0.114586
0.0757248,0.0884796
0.0757039,0.101539
0.0756945,0.178109
0.0756876,0.19368
0.0756825,0.0758149
0.0756728,0.090467
0.0756621,0.0883598
0.0756442,0.0779064
0.0756408,0.0900576
0.0756331,0.220426
0.0756308,0.078594
0.0756305,0.1954
0.0756194,0.205862
0.0756146,0.0809526
0.0756117,0.0766094
0.0756053,0.136382
0.0756047,0.0771496
0.0755983,0.0822372
0.0755937,0.0818539
0.0755909,0.085409
0.0755885,0.0838789
0.0755795,0.101443
0.075576,0.167644
0.0755755,0.0954465
0.0755696,0.184799
0.0755468,0.0857138
0.0755428,0.190913
0.0755374,0.0762322
0.0755302,0.0795954
0.0755268,0.0804084
0.0755165,0.076424
0.0755134,0.0886403
0.0755061,0.0788354
0.0754933,0.166615
0.0754923,0.180506
0.0754681,0.0971981
0.0754529,0.0814856
0.0754525,0.10822
0.0754496,0.185514
0.0754471,0.190863
0.0754401,0.186971
0.0754376,0.185361
0.0754283,0.0956246
0.0754269,0.210789
0.0754188,0.0861417
0.0754175,0.135657
0.0754142,0.0853145
0.0754108,0.0800708
0.0754057,0.0803822
0.0754028,0.0915393
0.0754021,0.195409
0.0754018,0.0774597
0.0753982,0.146257
0.0753911,0.195063
0.0753617,0.187172
0.0753582,0.191661
0.0753544,0.0901723
0.0753489,0.201241
0.0753441,0.08311
0.0753413,0.085939
0.0753304,0.0844268
0.075312,0.18503
0.075311,0.211987
0.0753095,0.171719
0.0753049,0.187873
0.0752876,0.0878555
0.0752788,0.134076
0.0752673,0.180753
0.0752592,0.0795315
0.075248,0.0925584
0.0752475,0.0766614
0.0752351,0.150896
0.0752251,0.174675
0.0752212,0.163913
0.0752178,0.0774224
0.0752122,0.0925101
0.0752006,0.0802891
0.0751904,0.0771057
0.0751792,0.0960741
0.0751712,0.18026
0.0751681,0.202342
0.0751487,0.0875814
0.0751427,0.0992017
0.075142,0.159313
0.0751393,0.196408
0.0751389,0.183947
0.0751361,0.0778308
0.0751273,0.185619
0.0750984,0.0771728
0.0750947,0.105842
0.0750811,0.213978
0.0750624,0.171724
0.0750609,0.121957
0.0750547,0.0788727
0.0750486,0.079873
0.0750446,0.0758893
0.0750372,0.18253
0.0750328,0.197676
0.0750217,0.0846464
0.0750191,0.205547
0.0750184,0.110842
0.0750078,0.105579
0.0749988,0.164274
0.0749986,0.0756103
0.0749937,0.0756961
0.0749912,0.0925761
0.0749853,0.0793099
0.0749679,0.200566
0.0749676,0.0761233
0.0749651,0.188383
0.0749591,0.189138
0.0749557,0.0783875
0.0749349,0.198873
0.0749232,0.180321
0.0749175,0.129744
0.0749164,0.177636
0.0749123,0.0813621
0.0749077,0.20194
0.0749,0.0966019
0.0748937,0.102282
0.0748929,0.0758969
0.0748885,0.0809655
0.0748541,0.135702
0.0748434,0.0851881
0.0748403,0.0922536
0.0748335,0.167485
0.0748268,0.197545
0.0748137,0.170046
0.0748044,0.0750431
0.0747982,0.176754
0.0747842,0.17485
0.0747825,0.212738
0.0747806,0.079211
0.0747734,0.0792141
0.0747707,0.0750796
0.074768,0.172442
0.0747605,0.0855073
0.0747592,0.0946933
0.074759,0.09379
0.0747398,0.179743
0.0747358,0.186965
0.0747352,0.188642
0.0747352,0.0760682
0.0747322,0.183239
0.0747289,0.193038
0.0747289,0.0755428
0.0747251,0.0776456
0.0747134,0.1755
0.0747023,0.0853647
0.0746848,0.0747256
0.0746797,0.109402
0.0746767,0.197795
0.0746745,0.0858135
0.0746637,0.194959
0.0746499,0.143757
0.0746463,0.198495
0.074646,0.199198
0.0746442,0.126551
0.0746351,0.0904788
0.0746219,0.0767017
0.0746094,0.200746
0.0746041,0.181425
0.0746,0.17173
0.0745907,0.0750187
0.0745773,0.0808837
0.0745609,0.0828918
0.0745516,0.0861144
0.0745444,0.204752
0.074531,0.0755542
0.0745196,0.0755032
0.0745168,0.0826794
0.0745099,0.0802504
0.074482,0.0783122
0.0744812,0.174446
0.0744804,0.0787873
0.0744741,0.132219
0.0744646,0.0804714
0.0744606,0.181503
0.0744544,0.0781152
0.0744502,0.198641
0.0744476,0.0930621
0.0744468,0.0865339
0.0744405,0.0766019
0.074437,0.17376
0.0744337,0.0975942
0.0744093,0.0749803
0.0743657,0.0749491
0.0743562,0.0792056
0.0743557,0.0778346
0.0743452,0.0749987
0.0743427,0.189915
0.0743292,0.0753411
0.0743174,0.18252
0.0743157,0.116951
0.0743006,0.0900055
0.0742993,0.0760255
0.0742867,0.075944
0.0742829,0.0778778
0.0742827,0.0967142
0.0742819,0.208755
0.0742716,0.0833122
0.074268,0.109848
0.0742668,0.0759624
0.0742626,0.0790072
0.0742607,0.0783462
0.0742603,0.105232
0.0742478,0.131308
0.0742449,0.0759141
0.0742394,0.0766994
0.0742303,0.0767554
0.0742261,0.159007
0.0742138,0.0871478
0.0741958,0.0809505
0.0741954,0.0939688
0.0741824,0.0914894
0.0741812,0.194581
0.0741807,0.0850907
0.0741801,0.0874609
0.0741781,0.133345
0.0741685,0.197996
0.0741552,0.0773389
0.0741399,0.0759999
0.0741262,0.0876865
0.0741231,0.0786962
0.0741186,0.0764296
0.0741081,0.107017
0.0741004,0.075697
0.0740957,0.160566
0.0740886,0.0924777
0.0740882,0.0802122
0.0740771,0.0740836
0.074076,0.0768894
0.0740711,0.0777486
0.0740643,0.0850627
0.0740636,0.176542
0.0740284,0.0763719
0.0740198,0.101978
0.0740097,0.112197
0.0740069,0.0783176
0.0740063,0.0749185
0.0740037,0.0856035
0.0740029,0.0747804
0.0739913,0.0772426
0.0739816,0.0795243
0.0739783,0.180287
0.0739746,0.105785
0.0739671,0.076438
0.073961,0.19762
0.0739562,0.0756062
0.0739496,0.0949615
0.0739416,0.0740196
0.0739402,0.179674
0.073933,0.0777249
0.0739222,0.182149
0.0739205,0.0981842
0.0739164,0.177656
0.073916,0.186077
0.073907,0.195516
0.0739039,0.077656
0.0739013,0.182209
0.0738898,0.0826922
0.0738889,0.196996
0.0738876,0.0879438
0.0738818,0.164156
0.0738776,0.0754577
0.0738766,0.200135
0.0738717,0.178507
0.0738654,0.0795234
0.0738559,0.0951957
0.0738527,0.190191
0.0738422,0.0809357
0.0738317,0.0763819
0.0738265,0.19407
0.0738255,0.0792573
0.0738255,0.110771
0.0738197,0.0810025
0.0738189,0.0739927
0.0738102,0.0933374
0.0737956,0.193228
0.0737732,0.185948
0.0737617,0.169138
0.0737609,0.162903
0.0737525,0.0861184
0.0737523,0.074254
0.0737485,0.0754813
0.0737481,0.083769
0.0737442,0.207452
0.0737266,0.084922
0.0737252,0.0821545
0.0737245,0.104582
0.0737158,0.213017
0.0737069,0.076708
0.0736986,0.0967192
0.0736975,0.199244
0.0736969,0.0775389
0.0736957,0.0900016
0.0736952,0.0841141
0.0736932,0.0740486
0.0736723,0.115592
0.0736721,0.0985313
0.0736693,0.08024
0.0736666,0.0784376
0.073658,0.164491
0.0736557,0.0806489
0.0736538,0.0777747
0.0736511,0.188525
0.0736507,0.106558
0.07364,0.0803952
0.0736337,0.0840144
0.0736328,0.176208
0.0736328,0.0834718
0.0736288,0.0737219
0.0736209,0.0758494
0.0736208,0.0742731
0.073609,0.190227
0.073607,0.184284
0.0736047,0.102271
0.0736027,0.0738689
0.073594,0.0746798
0.0735874,0.0736563
0.073587,0.189821
0.0735698,0.0747681
0.0735686,0.0923382
0.0735669,0.112775
0.0735663,0.0745366
0.0735585,0.17816
0.0735567,0.209805
0.0735566,0.212204
0.0735443,0.0767565
0.0735405,0.0898769
0.0735398,0.19254
0.0735347,0.164758
0.073533,0.0906144
0.0735306,0.153746
0.0735136,0.0906223
0.0735039,0.082486
0.0735015,0.0796782
0.0734935,0.0817458
0.0734906,0.177451
0.0734766,0.07963
0.073473,0.185408
0.0734608,0.0829405
0.07346,0.075588
0.0734538,0.0825494
0.0734494,0.0846609
0.0734453,0.075031
0.0734445,0.1998
0.0734421,0.147998
0.0734364,0.0759376
0.0734345,0.0782778
0.0734326,0.0756489
0.0734221,0.0836739
0.073422,0.172951
0.073422,0.0740636
0.0734172,0.174464
0.0734162,0.195441
0.0734131,0.0804262
0.0734129,0.0821273
0.0734115,0.0917225
0.0734085,0.175316
0.0734023,0.0737339
0.0733989,0.0766041
0.0733933,0.10436
0.0733797,0.105129
0.073371,0.0759225
0.0733666,0.0747135
0.0733594,0.0921149
0.0733571,0.0756779
0.0733501,0.202306
0.0733479,0.079145
0.073347,0.0750951
0.0733455,0.0763513
0.0733369,0.0787432
0.0733346,0.203351
0.0733329,0.117511
0.0733313,0.0916565
0.0733312,0.101654
0.0733108,0.0758086
0.0733059,0.0749304
0.0733025,0.18688
0.0732945,0.170888
0.0732936,0.110543
0.0732912,0.170817
0.0732844,0.196448
0.0732683,0.0748377
0.0732683,0.175629
0.0732599,0.106905
0.0732576,0.146979
0.0732466,0.188531
0.0732416,0.0889511
0.0732347,0.0733854
0.0732315,0.0743908
0.0732276,0.0815513
0.0732267,0.0780551
0.073222,0.0827788
0.0732187,0.185448
0.0732154,0.0816353
0.073215,0.128341
0.0732135,0.174504
0.073208,0.19897
0.073201,0.199948
0.0731992,0.197073
0.0731936,0.209912
0.0731878,0.0859095
0.0731846,0.0878497
0.0731833,0.0749213
0.0731827,0.0827937
0.0731799,0.179192
0.0731695,0.0792525
0.073165,0.0774038
0.0731619,0.0995828
0.0731592,0.0767227
0.0731579,0.0778259
0.0731565,0.156846
0.0731525,0.0771079
0.0731491,0.077441
0.0731466,0.0843686
0.0731314,0.110987
0.0731308,0.191388
0.0731304,0.0738242
0.0731236,0.137498
0.0731181,0.076643
0.0731103,0.143239
0.0730836,0.0919146
0.0730748,0.11074
0.0730632,0.0731787
0.0730569,0.0905451
0.0730554,0.0870885
0.0730544,0.178445
0.0730283,0.0785041
0.073027,0.0890425
0.0730176,0.0776627
0.0730146,0.0809896
0.0730133,0.175559
0.0730106,0.0833602
0.0730033,0.0781771
0.0729959,0.0963612
0.0729925,0.150203
0.0729797,0.0739913
0.072975,0.074111
0.0729718,0.076211
0.072971,0.21116
0.0729703,0.17098
0.0729686,0.0886806
