0.938078,0.0974705
0.886505,0.938078
0.758561,0.191524
0.752643,0.758561
0.704742,0.602656
0.697568,0.62614
0.686418,0.682027
0.682027,0.686418
0.670836,0.749802
0.62614,0.697568
0.614307,0.633994
0.59787,0.180334
0.19604,0.152409
0.195459,0.132742
0.194749,0
0.194502,0.171958
0.194502,0.171958
0.194502,0.171958
0.194502,0.168129
0.194502,0.119475
0.194502,0.171958
0.194502,0.171958
0.194502,0.171958
0.194502,0.151391
0.194502,0.140087
0.194502,0.131678
0.194502,0.146654
0.194502,0.0894771
0.194502,0.122123
0.194502,0.171958
0.194502,0.130599
0.194502,0.151255
0.194502,0.110332
0.194502,0.0960593
0.194502,0.115985
0.194502,0.13009
0.194502,0.171958
0.194502,0.126267
0.194502,0.171958
0.194502,0.143918
0.194502,0.102385
0.194502,0.130125
0.194502,0.120529
0.194502,0.17165
0.194502,0.171958
0.194502,0.15985
0.194502,0.169068
0.194502,0.171958
0.194502,0.126819
0.194502,0.122905
0.194502,0.171958
0.194502,0.171958
0.194502,0.167009
0.194502,0.122439
0.194502,0.126819
0.194502,0.170953
0.194502,0.169634
0.194502,0.168633
0.194502,0.160155
0.194502,0.168931
0.194502,0.162276
0.194502,0.127509
0.194502,0.170312
0.194502,0.171958
0.194502,0.160678
0.194502,0.157311
0.194502,0.138665
0.194502,0.108887
0.194502,0.126819
0.194413,0.0895914
0.193734,0.171279
0.193734,0.13921
0.193734,0.171279
0.193656,0.0849742
0.192965,0.150843
0.192263,0.126819
0.19151,0.0959352
0.191427,0.147691
0.189121,0
0.189121,0.0290173
0.187979,0.0466801
0.185423,0
0.185251,0.120786
0.184899,0
0.184877,0
0.183714,0.0540859
0.182971,0
0.182971,0.0447876
0.181961,0.0567731
0.181871,0
0.181004,0
0.180518,0.0148241
0.179933,0.0457149
0.179504,0
0.179127,0
0.179074,0.116759
0.178358,0
0.178275,0
0.178047,0.0612615
0.177589,0.040504
0.176304,0
0.175646,0
0.174514,0.0582663
0.174223,0.183835
0.17357,0.11317
0.172909,0.195356
0.172705,0
0.172601,0.177952
0.172386,0.0646585
0.171328,0.0684431
0.171121,0.187474
0.17067,0.0797977
0.170651,0
0.169901,0.0797977
0.169875,0
0.16971,0
0.169344,0.188652
0.16906,0
0.168693,0.171192
0.168524,0.191403
0.167605,0.181462
0.167595,0.0804285
0.167329,0.184596
0.164001,0.171958
0.163196,0.195957
0.163141,0.16917
0.160735,0.171958
0.159838,0.187154
0.158524,0.191875
0.157921,0.163104
0.157049,0.176861
0.15517,0.190098
0.154401,0.172203
0.153483,0.166189
0.152142,0.162147
0.15204,0.190802
0.151558,0.171958
0.151109,0.169784
0.151091,0.183161
0.148856,0.187176
0.147618,0.163631
0.147214,0.170599
0.146833,0.199681
0.145847,0.171079
0.145475,0.192163
0.144771,0.155347
0.144706,0.163592
0.144616,0.149236
0.144392,0.1949
0.144125,0.206006
0.143695,0.190182
0.143208,0.176833
0.143191,0.143624
0.142836,0.19097
0.142715,0.151044
0.14259,0.173173
0.142098,0.191241
0.141765,0.202322
0.141742,0.166786
0.141551,0.180224
0.141472,0.171958
0.141309,0.145598
0.14101,0.187975
0.140939,0.148948
0.14079,0.178708
0.140296,0.171958
0.139796,0.166876
0.139585,0.212269
0.13957,0.163252
0.139415,0.151482
0.139405,0.143914
0.139303,0.195716
0.138864,0.145081
0.138638,0.177972
0.138518,0.174968
0.138467,0.139582
0.137875,0.179684
0.137852,0.188091
0.136713,0.155932
0.135974,0.181979
0.135828,0.144193
0.135728,0.142418
0.135713,0.170753
0.135669,0.184518
0.135612,0.167252
0.135446,0.185449
0.135373,0.203317
0.134998,0.183044
0.134787,0.186391
0.134558,0.172514
0.134486,0.143361
0.134458,0.203958
0.134392,0.153789
0.13413,0.138439
0.134095,0.16012
0.133904,0.163646
0.13358,0.17829
0.133554,0.184673
0.133453,0.160156
0.133372,0.15571
0.13315,0.152608
0.133142,0.16598
0.133088,0.181152
0.13256,0.138043
0.132402,0.153627
0.132263,0.178827
0.132213,0.172988
0.132004,0.191887
0.131944,0.178144
0.131909,0.134693
0.131546,0.134348
0.131542,0.189366
0.131534,0.149498
0.131352,0.182353
0.131259,0.186956
0.131163,0.192731
0.130158,0.185645
0.129478,0.173287
0.129403,0.148514
0.129228,0.142959
0.129212,0.157748
0.129159,0.169745
0.128791,0.17665
0.12866,0.172791
0.128628,0.198317
0.128393,0.181379
0.128365,0.156585
0.128283,0.16785
0.128152,0.131057
0.128141,0.151452
0.12766,0.171958
0.127287,0.204047
0.127111,0.188677
0.126861,0.163414
0.126708,0.179698
0.126601,0.143764
0.126509,0.16608
0.12647,0.133568
0.126271,0.194813
0.126043,0.18368
0.125937,0.178397
0.125811,0.17139
0.125605,0.162193
0.124972,0.147998
0.124869,0.151184
0.12482,0.190152
0.124698,0.196241
0.124471,0.150511
0.124444,0.194702
0.124397,0.168371
0.124379,0.206111
0.124372,0.159631
0.12434,0.185216
0.124334,0.143116
0.124211,0.1842
0.123992,0.12978
0.123945,0.140018
0.123913,0.125807
0.123556,0.181514
0.123341,0.184316
0.123302,0.140814
0.12325,0.184037
0.122794,0.183375
0.122784,0.217359
0.12277,0.184043
0.122736,0.211721
0.122583,0.181847
0.122315,0.19416
0.122269,0.183527
0.122024,0.122786
0.121997,0.179948
0.121926,0.126475
0.121838,0.14849
0.121788,0.152105
0.121724,0.135511
0.121704,0.181237
0.121651,0.12382
0.121635,0.16631
0.121622,0.182312
0.12134,0.221844
0.121306,0.183841
0.121208,0.146786
0.120972,0.181133
0.120962,0.197651
0.120895,0.12872
0.120848,0.175379
0.120772,0.200508
0.120461,0.13153
0.120385,0.171811
0.120327,0.183116
0.120317,0.187377
0.120285,0.18554
0.120037,0.192015
0.120018,0.181233
0.119821,0.161682
0.119812,0.193235
0.119809,0.138553
0.119657,0.171279
0.11955,0.167998
0.119244,0.170251
0.119226,0.123365
0.119186,0.183841
0.119045,0.202805
0.119044,0.182164
0.118866,0.145197
0.118848,0.18812
0.118636,0.151466
0.118609,0.161442
0.118584,0.164289
0.118474,0.121336
0.118328,0.173806
0.118203,0.213104
0.118148,0.195018
0.118023,0.216037
0.117909,0.196124
0.117864,0.184574
0.117854,0.124868
0.117844,0.172336
0.117821,0.12346
0.117814,0.132006
0.117727,0.141706
0.117681,0.127597
0.117516,0.186145
0.117364,0.171504
0.117249,0.15036
0.116791,0.188903
0.116708,0.181841
0.116653,0.141744
0.116522,0.20329
0.116516,0.179964
0.116502,0.185412
0.116475,0.120529
0.116404,0.156786
0.116395,0.125525
0.116288,0.171958
0.116205,0.189423
0.116178,0.130597
0.116164,0.177751
0.116006,0.200776
0.115878,0.178629
0.115853,0.121742
0.115815,0.183127
0.115763,0.126539
0.115645,0.173917
0.115503,0.160601
0.115373,0.182313
0.11535,0.129234
0.115074,0.174908
0.114808,0.181789
0.114695,0.183995
0.114691,0.171958
0.114676,0.188207
0.114558,0.169238
0.114483,0.138372
0.114411,0.197528
0.114405,0.154791
0.114366,0.162549
0.114339,0.191992
0.11433,0.12691
0.114241,0.17262
0.114124,0.171958
0.114066,0.181976
0.113932,0.178742
0.113908,0.205468
0.113906,0.171958
0.113857,0.205529
0.113845,0.122249
0.113778,0.190011
0.113772,0.166182
0.113612,0.171958
0.113493,0.166381
0.113466,0.192785
0.113415,0.128496
0.113397,0.145393
0.113367,0.189591
0.113291,0.164681
0.113233,0.140905
0.113232,0.179066
0.113157,0.134684
0.113146,0.166442
0.11308,0.152251
0.113075,0.203283
0.11304,0.195649
0.11304,0.142588
0.112933,0.139536
0.112912,0.186325
0.112888,0.116555
0.112887,0.123232
0.112819,0.183235
0.11277,0.120738
0.112708,0.223038
0.112698,0.184327
0.112533,0.151363
0.112489,0.136471
0.112398,0.173851
0.112372,0.114982
0.112316,0.152296
0.112265,0.172619
0.112258,0.120291
0.112178,0.203337
0.112163,0.168231
0.112155,0.126819
0.111942,0.141686
0.111901,0.184337
0.111875,0.206386
0.111794,0.163971
0.111771,0.115097
0.111763,0.119339
0.111748,0.16169
0.111733,0.156781
0.111653,0.113949
0.111652,0.112063
0.111576,0.150874
0.111573,0.152586
0.111564,0.188783
0.111509,0.197618
0.11141,0.226883
0.111408,0.125606
0.111398,0.171958
0.111371,0.193004
0.111369,0.192428
0.111368,0.193637
0.111357,0.196548
0.111352,0.15667
0.111327,0.194467
0.111297,0.16924
0.111276,0.18325
0.111241,0.198886
0.111236,0.14646
0.111142,0.170807
0.111051,0.229682
0.110982,0.111396
0.110933,0.121952
0.110891,0.202467
0.110858,0.181807
0.110853,0.11152
0.110844,0.169622
0.110844,0.139972
0.11082,0.186053
0.110751,0.210078
0.110745,0.184931
0.110744,0.199985
0.11074,0.19223
0.110624,0.182257
0.110567,0.1136
0.110516,0.170711
0.110515,0.187363
0.110462,0.210292
0.110451,0.129825
0.110443,0.129755
0.110405,0.133807
0.110378,0.163994
0.110358,0.216272
0.110224,0.17383
0.110177,0.184478
0.110126,0.120249
0.110108,0.179333
0.110026,0.217061
0.109959,0.195382
0.109857,0.113811
0.109775,0.183139
0.109766,0.112861
0.109715,0.130532
0.109684,0.230033
0.109674,0.1126
0.109674,0.1216
0.109573,0.155261
0.109418,0.209137
0.109411,0.19686
0.109377,0.18885
0.10923,0.21794
0.109142,0.19632
0.109088,0.166068
0.108969,0.209358
0.108917,0.169474
0.108871,0.160635
0.108859,0.168089
0.108774,0.117561
0.108759,0.166365
0.108656,0.122317
0.10863,0.142059
0.108614,0.121347
0.108612,0.134788
0.108591,0.190478
0.108559,0.12878
0.108411,0.127762
0.10836,0.197264
0.108317,0.197793
0.108303,0.177037
0.108172,0.139833
0.108076,0.122803
0.107977,0.118004
0.107963,0.123652
0.107959,0.179238
0.107851,0.168693
0.107842,0.1576
0.107767,0.174945
0.107759,0.128993
0.107753,0.145081
0.107703,0.168487
0.107699,0.171958
0.107626,0.171958
0.107626,0.123464
0.107534,0.119611
0.107527,0.168262
0.107486,0.129981
0.107428,0.181058
0.107361,0.130093
0.107257,0.122563
0.107245,0.140565
0.107129,0.178534
0.107124,0.147221
0.1071,0.115828
0.107062,0.165605
0.106948,0.137918
0.10694,0.178525
0.106825,0.113288
0.10681,0.20778
0.106774,0.111335
0.106732,0.137802
0.106724,0.138984
0.106638,0.182055
0.106526,0.11902
0.106185,0.161771
0.106023,0.150667
0.106,0.115412
0.105983,0.170047
0.105954,0.189919
0.105861,0.185319
0.105846,0.204306
0.105686,0.144912
0.105677,0.11614
0.105662,0.174595
0.105646,0.213289
0.10561,0.130335
0.105552,0.124852
0.105546,0.169886
0.105544,0.161687
0.105518,0.179696
0.105443,0.189671
0.105415,0.115262
0.105356,0.110713
0.105336,0.108396
0.105299,0.108339
0.105249,0.181471
0.105167,0.106865
0.105029,0.180636
0.104981,0.174726
0.104938,0.151137
0.104937,0.107688
0.104889,0.125661
0.104881,0.188313
0.104844,0.163726
0.104829,0.144586
0.104819,0.18544
0.10476,0.119735
0.104736,0.112927
0.10473,0.1135
0.104718,0.208922
0.104656,0.181467
0.104636,0.164215
0.104548,0.133717
0.104536,0.145163
0.104453,0.173418
0.104428,0.16706
0.104419,0.204318
0.104394,0.241785
0.104389,0.159689
0.104375,0.114775
0.104252,0.162444
0.104217,0.113705
0.104194,0.185273
0.104184,0.172292
0.104178,0.136157
0.10417,0.10592
0.104131,0.18099
0.104053,0.14083
0.104049,0.11008
0.104043,0.113452
0.103929,0.170331
0.103915,0.109369
0.1039,0.153315
0.103885,0.144468
0.103866,0.124508
0.103859,0.124357
0.103817,0.130304
0.103725,0.188682
0.103661,0.165187
0.103641,0.173599
0.103543,0.226491
0.103532,0.189504
0.103515,0.171958
0.103451,0.183224
0.103445,0.194267
0.103424,0.187661
0.103399,0.185247
0.103378,0.117368
0.103322,0.180351
0.103229,0.173502
0.103228,0.178015
0.103153,0.139728
0.103069,0.169677
0.10303,0.180414
0.102994,0.175289
0.102947,0.108165
0.102897,0.105396
0.10283,0.108941
0.102806,0.172899
0.102783,0.171958
0.102746,0.110463
0.102741,0.116589
0.102699,0.114797
0.102692,0.203657
0.10268,0.176801
0.10262,0.11042
0.102602,0.112727
0.102538,0.19317
0.102516,0.191634
0.102506,0.107861
0.102501,0.110653
0.102416,0.131992
0.102379,0.13038
0.10232,0.165869
0.102304,0.122197
0.102271,0.188347
0.102243,0.21669
0.102224,0.127002
0.102145,0.197745
0.1021,0.102372
0.102089,0.179536
0.102075,0.187512
0.102068,0.133751
0.102065,0.234564
0.102061,0.191512
0.101918,0.169888
0.101857,0.156151
0.1018,0.191155
0.101744,0.20065
0.101712,0.171399
0.101671,0.140226
0.101656,0.157383
0.101635,0.115412
0.101634,0.112897
0.101601,0.188946
0.101574,0.110486
0.101521,0.190715
0.10144,0.187723
0.101439,0.121206
0.101436,0.168944
0.101417,0.183078
0.101311,0.111184
0.10126,0.189166
0.10124,0.195802
0.101213,0.114473
0.101206,0.205538
0.101158,0.171293
0.101043,0.168829
0.101036,0.19432
0.101017,0.142274
0.101017,0.108154
0.101015,0.156903
0.101012,0.171958
0.101,0.182064
0.100977,0.104392
0.100943,0.186441
0.100911,0.226711
0.100891,0.114187
0.100849,0.162634
0.100849,0.11116
0.100806,0.182643
0.100806,0.143904
0.100793,0.152398
0.100765,0.105128
0.100762,0.181917
0.100745,0.12475
0.100735,0.13428
0.100716,0.100806
0.10071,0.172271
0.100667,0.170626
0.100636,0.193918
0.100579,0.155112
0.100545,0.192128
0.100537,0.104118
0.100535,0.103355
0.100534,0.101362
0.100531,0.116042
0.100517,0.121222
0.100507,0.105506
0.100488,0.106733
0.100471,0.20569
0.100455,0.125287
0.100446,0.190099
0.10043,0.122759
0.100328,0.106467
0.100316,0.150346
0.100277,0.131038
0.100201,0.117483
0.100198,0.183429
0.10016,0.188517
0.100155,0.187504
0.100109,0.119802
0.100103,0.10183
0.100029,0.113134
0.1,0.193697
0.099933,0.123206
0.0998769,0.183179
0.0998699,0.19218
0.0997567,0.185329
0.0997038,0.230806
0.0996821,0.168674
0.0996779,0.170465
0.0996598,0.123745
0.0996448,0.178837
0.0995907,0.201794
0.0995827,0.185045
0.0995822,0.138756
0.0995348,0.177582
0.099483,0.190158
0.0994762,0.18627
0.0994137,0.116658
0.099366,0.196654
0.0993301,0.20123
0.0993163,0.177471
0.0992801,0.171958
0.0992782,0.106693
0.0992719,0.193313
0.0992712,0.121499
0.0992654,0.191011
0.0992204,0.180931
0.0992197,0.102015
0.0991763,0.178194
0.0991749,0.1305
0.0991425,0.202937
0.0991294,0.181226
0.0991244,0.181537
0.0990994,0.172279
0.0989936,0.185473
0.0989602,0.208527
0.0989584,0.182464
0.0988757,0.119531
0.0988036,0.190596
0.0987843,0.164323
0.0987326,0.101483
0.0987051,0.167272
0.0986382,0.186862
0.0986085,0.171958
0.0985405,0.188976
0.0984824,0.10602
0.0982974,0.13769
0.098287,0.104118
0.0982203,0.101987
0.0982171,0.125672
0.0982002,0.194706
0.0981754,0.17594
0.0981592,0.1082
0.0981328,0.183825
0.0981322,0.136738
0.0980998,0.132318
0.0980801,0.115729
0.0980766,0.113626
0.0980409,0.122815
0.0980234,0.169897
0.0979241,0.214923
0.0979224,0.110311
0.0978897,0.152286
0.0978764,0.129788
0.0978463,0.189136
0.0978445,0.169109
0.0978195,0.11617
0.0977445,0.101995
0.0977298,0.115361
0.0977068,0.162801
0.0976902,0.10773
0.0976858,0.112761
0.0976161,0.197212
0.0975494,0.102106
0.0975398,0.18593
0.0975395,0.148662
0.0975281,0.144392
0.0975266,0.109006
0.0974812,0.164161
0.097468,0.114162
0.0974593,0.19181
0.0974522,0.117254
0.097404,0.139551
0.0973747,0.11555
0.0973618,0.175895
0.0973491,0.09958
0.0973434,0.183834
0.0973318,0.0987014
0.0973284,0.175682
0.0973264,0.175822
0.0972637,0.106992
0.0971648,0.180582
0.0971034,0.104727
0.097093,0.137985
0.0970908,0.149271
0.0970889,0.18473
0.0970738,0.187052
0.0970555,0.201285
0.0970318,0.182528
0.0970182,0.207007
0.0970162,0.225647
0.0970056,0.149724
0.0969603,0.17175
0.0969333,0.134688
0.096929,0.234522
0.0969188,0.185454
0.0968891,0.194148
0.096839,0.182434
0.0967501,0.175936
0.0967466,0.105529
0.0967254,0.189994
0.0966957,0.153755
0.0966712,0.0981681
0.0966376,0.175322
0.0965431,0.181613
0.0965322,0.107318
0.0964675,0.0985175
0.0964629,0.226928
0.0964629,0.116164
0.0964563,0.132139
0.0964433,0.183803
0.0964118,0.189318
0.0963996,0.0991821
0.0963767,0.187484
0.096317,0.217979
0.0962566,0.165887
0.0962129,0.203271
0.096145,0.180291
0.0960906,0.165839
0.0960387,0.0996998
0.0959629,0.176329
0.0959328,0.144148
0.0959222,0.176
0.0959021,0.0985285
0.095899,0.11227
0.0958664,0.179013
0.0957453,0.179918
0.0957203,0.130274
0.0956939,0.102056
0.0956784,0.167913
0.0956416,0.170615
0.0956413,0.103266
0.0956353,0.227418
0.0955956,0.181088
0.0955745,0.111017
0.0955711,0.109175
0.0955674,0.121156
0.0955581,0.167497
0.095538,0.183699
0.0955317,0.123971
0.0955089,0.108094
0.0954594,0.150876
0.0954188,0.194598
0.0953993,0.176706
0.0953705,0.205504
0.0953456,0.190136
0.0952513,0.104755
0.095247,0.111169
0.0952195,0.152366
0.0952187,0.173626
0.0951977,0.197111
0.0951841,0.122351
0.0951515,0.10442
0.0951361,0.174223
0.0951296,0.159204
0.0951214,0.17482
0.0951199,0.110179
0.0950951,0.184413
0.0950768,0.173319
0.0950684,0.191153
0.0950327,0.178601
0.0950267,0.117366
0.0950229,0.0956417
0.0950224,0.107217
0.0950184,0.140888
0.0950058,0.210729
0.0949905,0.188521
0.0948999,0.101468
0.0948917,0.185731
0.0948619,0.105326
0.0947963,0.135923
0.0947741,0.112077
0.0947635,0.171958
0.094754,0.117824
0.0947226,0.191301
0.0947215,0.192498
0.0947183,0.192407
0.0946856,0.195429
0.0946704,0.0981365
0.0946114,0.108779
0.0945926,0.135831
0.0945857,0.188707
0.0945365,0.19787
0.0945267,0.197139
0.0945118,0.101489
0.0945116,0.149288
0.0945009,0.189615
0.0944868,0.0958295
0.0944628,0.13338
0.094441,0.177569
0.0944008,0.180886
0.0943991,0.191933
0.0943981,0.163993
0.094387,0.197193
0.0943455,0.179528
0.0943381,0.144027
0.0943357,0.178573
0.0943339,0.110235
0.0943271,0.227735
0.0943235,0.18329
0.0942984,0.123874
0.0942813,0.126545
0.0942285,0.179607
0.0941845,0.0953894
0.0941784,0.174449
0.0941725,0.103858
0.0941619,0.116006
0.0941614,0.109562
0.0941254,0.190715
0.0941212,0.175704
0.0941154,0.122413
0.0941132,0.169945
0.0941019,0.104691
0.0940998,0.193824
0.0940982,0.200452
0.094089,0.171958
0.0940772,0.185119
0.0940633,0.171958
0.0940528,0.182701
0.0940453,0.188663
0.0939881,0.183975
0.0939855,0.207952
0.0939829,0.18105
0.0939699,0.187908
0.0939232,0.168614
0.0939217,0.181885
0.0939058,0.1529
0.0938341,0.10014
0.0938237,0.0954197
0.093821,0.137442
0.0938194,0.213209
0.0938166,0.109946
0.0937619,0.171958
0.0937466,0.0993615
0.0937423,0.120556
0.0937361,0.159028
0.0937333,0.165473
0.0937187,0.183813
0.0937111,0.109581
0.0936769,0.211712
0.0936724,0.173651
0.0936515,0.103404
0.0936399,0.164104
0.093614,0.0943201
0.0936113,0.164345
0.0935923,0.171958
0.0935877,0.193915
0.0935469,0.185913
0.0935398,0.107016
0.0935178,0.184586
0.093481,0.105067
0.0934705,0.129107
0.0934607,0.113484
0.0934592,0.170342
0.0934498,0.176495
0.0934328,0.110319
0.0934228,0.0991223
0.0934212,0.0951543
0.0934112,0.164494
0.0933913,0.110727
0.0933902,0.177749
0.0933378,0.14882
0.0933149,0.100466
0.0932771,0.11533
0.0932456,0.173117
0.0932387,0.110391
0.093238,0.17922
0.0932152,0.13424
0.0932101,0.0958826
0.0931878,0.106655
0.0931787,0.0988426
0.0931695,0.0979138
0.0931585,0.179219
0.0931497,0.164995
0.0931447,0.0982258
0.0931187,0.133431
0.0930858,0.196505
0.0930481,0.212531
0.0930453,0.120383
0.0930233,0.170434
0.0930041,0.197571
0.0929954,0.120934
0.0929791,0.100208
0.0929481,0.116985
0.0929299,0.104373
0.0929243,0.0942562
0.0929008,0.164469
0.0928627,0.188469
0.0928447,0.199532
0.0928446,0.16674
0.0928366,0.102831
0.0928303,0.10838
0.0928282,0.212962
0.0928271,0.131909
0.092801,0.196744
0.0927988,0.206899
0.0927962,0.160482
0.0927787,0.194747
0.092763,0.17786
0.0927589,0.114557
0.0927519,0.109478
0.0927439,0.171029
0.0927366,0.176015
0.092709,0.173281
0.0926976,0.107758
0.0926875,0.18196
0.0926822,0.206693
0.0926733,0.0990438
0.0926563,0.1684
0.092654,0.184957
0.0926427,0.125814
0.0926381,0.180853
0.0926117,0.208221
0.0926044,0.194526
0.0925627,0.171558
0.0925463,0.11201
0.0925405,0.101958
0.092538,0.180131
0.0925166,0.166108
0.0925117,0.121228
0.0924705,0.109054
0.0924457,0.17989
0.0924187,0.209155
0.0924174,0.0956575
0.0923911,0.128407
0.0923574,0.167329
0.0923574,0.0983407
0.0923431,0.102568
0.0923353,0.178964
0.0923041,0.0932844
0.092295,0.181053
0.092272,0.120297
0.0922521,0.0978277
0.0922367,0.165228
0.0922337,0.0947388
0.0922203,0.122232
0.0922103,0.139932
0.0922046,0.0975223
0.0922014,0.119139
0.0921704,0.189093
0.0921583,0.100477
0.0921568,0.103096
0.0921556,0.176998
0.0921049,0.0990084
0.0920871,0.146854
0.0920653,0.172413
0.0920652,0.172436
0.0920428,0.207062
0.092027,0.194433
0.092008,0.17143
0.0919963,0.170297
0.0919649,0.18964
0.0919644,0.202894
0.0919612,0.112637
0.0919506,0.105201
0.0919495,0.178412
0.0919229,0.0956934
0.09192,0.1106
0.0919176,0.104001
0.0919101,0.110401
0.091899,0.167809
0.0918824,0.102658
0.0918682,0.0947874
0.0918569,0.102211
0.0918501,0.0991394
0.0918439,0.131661
0.0918416,0.205407
0.091827,0.130293
0.0918171,0.206628
0.0917973,0.195711
0.091778,0.140026
0.0917689,0.155908
0.0917646,0.17314
0.0917633,0.104953
0.0917414,0.125781
0.0917404,0.188081
0.0917229,0.110469
0.0917133,0.108637
0.0916978,0.203702
0.0916905,0.0952212
0.0916589,0.174106
0.0916509,0.178859
0.0916486,0.196012
0.0916465,0.170347
0.0916453,0.118033
0.0916123,0.0924514
0.091601,0.145369
0.0915917,0.120692
0.0915893,0.203478
0.0915882,0.216152
0.0915767,0.0917711
0.091571,0.187004
0.0915367,0.107678
0.0915308,0.101903
0.0915307,0.174078
0.0915285,0.192321
0.0915195,0.180645
0.0915069,0.186734
0.0915018,0.144351
0.0914987,0.185984
0.0914797,0.196856
0.0914724,0.183919
0.0914696,0.108423
0.0914276,0.169344
0.0914276,0.108841
0.091416,0.107583
0.0914151,0.123868
0.0914146,0.0927756
0.0914053,0.0925558
0.0913952,0.165004
0.0913795,0.118266
0.0913711,0.0950609
0.0913618,0.17568
0.0913537,0.173618
0.0913149,0.101648
0.09131,0.204073
0.0912908,0.0917861
0.0912745,0.127509
0.0912663,0.179211
0.0912565,0.112349
0.091242,0.126854
0.0912289,0.187976
0.091225,0.108438
0.0912177,0.178924
0.0912174,0.105365
0.0912032,0.0941176
0.0912028,0.139082
0.0911981,0.171958
0.0911201,0.186796
0.0911081,0.131875
0.0910801,0.0966465
0.0910784,0.160327
0.0910482,0.133475
0.0910133,0.102375
0.0910087,0.148297
0.0909462,0.166138
0.0909356,0.219728
0.0909307,0.104853
0.0909166,0.142497
0.0908932,0.197716
0.0908733,0.185624
0.0908517,0.179231
0.0908509,0.11424
0.0908358,0.106725
0.0908332,0.189531
0.0908106,0.184687
0.0907823,0.166997
0.090781,0.171795
0.0907784,0.189393
0.0907617,0.192071
0.0907589,0.190608
0.0907561,0.17215
0.0907551,0.218251
0.0907547,0.0956707
0.0907331,0.11691
0.0907322,0.206883
0.0907215,0.190172
0.0907086,0.192734
0.0906755,0.171018
0.0906175,0.135795
0.0906149,0.169985
0.0906134,0.196416
0.090594,0.105607
0.0905812,0.182918
0.0905504,0.206503
0.0905432,0.130794
0.0905408,0.224543
0.090528,0.103491
0.0905275,0.113728
0.0905232,0.103298
0.0905125,0.101336
0.0904901,0.190576
0.0904881,0.0919951
0.0904869,0.202302
0.0904812,0.181198
0.0904636,0.187526
0.0904433,0.20858
0.090428,0.10511
0.0904021,0.171958
0.0904011,0.189952
0.090387,0.101876
0.0903793,0.191075
0.09037,0.205402
0.0903683,0.0976231
0.0903444,0.19271
0.0903398,0.167846
0.0903381,0.137219
0.090322,0.155806
0.0903213,0.183331
0.0902877,0.108116
0.090279,0.158045
0.0902654,0.190625
0.0902511,0.194289
0.0902452,0.109023
0.0902275,0.186017
0.0902274,0.197783
0.0902237,0.131086
0.0902123,0.0926487
0.090186,0.102664
0.0901633,0.150524
0.0901358,0.0979403
0.0901254,0.0959298
0.090113,0.194604
0.0900819,0.188068
0.0900817,0.0964993
0.0900532,0.109664
0.0900402,0.198577
0.0900185,0.110655
0.0900078,0.179596
0.089996,0.124881
0.0899915,0.140164
0.0899831,0.119517
0.0899789,0.0960862
0.0899698,0.119046
0.0899672,0.173414
0.0899651,0.192254
0.0899585,0.191913
0.0899584,0.189219
0.0899467,0.185411
0.0899339,0.182837
0.0898973,0.130765
0.0898921,0.0915043
0.0898643,0.106058
0.0898532,0.0998423
0.0898438,0.101296
0.0898405,0.102602
0.0898327,0.0942179
0.0898218,0.090811
0.0898168,0.187395
0.0898115,0.202656
0.0898075,0.132094
0.0897925,0.183348
0.0897827,0.0933051
0.089762,0.172465
0.0897476,0.0950504
0.0897463,0.193278
0.0897267,0.169346
0.0897147,0.132501
0.0896977,0.176461
0.0896752,0.103666
0.0896697,0.117201
0.0896613,0.173463
0.0896507,0.186075
0.0896396,0.10328
0.0896192,0.180611
0.0896038,0.134028
0.0895994,0.189599
0.089529,0.0899665
0.0895045,0.0932723
0.0895028,0.0899063
0.0895013,0.112779
0.0894893,0.172603
0.0894744,0.18399
0.0894562,0.0909945
0.0894318,0.191085
0.0894154,0.138021
0.0894034,0.10853
0.0893685,0.0943802
0.0893485,0.207109
0.089347,0.1139
0.0893416,0.162875
0.0893404,0.134969
0.0893379,0.173406
0.0893137,0.140982
0.0892841,0.0966141
0.0892812,0.109035
0.0892801,0.0896536
0.0892786,0.127174
0.0892737,0.17703
0.0892407,0.203522
0.0892274,0.102812
0.0892211,0.0922988
0.0892193,0.0939661
0.0892169,0.181778
0.0891984,0.210673
0.0891971,0.14166
0.0891894,0.0928412
0.0891656,0.119492
0.0891506,0.179302
0.089148,0.11499
0.0891371,0.134785
0.0891348,0.17598
0.0891289,0.091539
0.0891032,0.188124
0.089096,0.156562
0.0890585,0.166851
0.0890233,0.140252
0.0890209,0.0923609
0.0890139,0.185867
0.0890114,0.114344
0.0890005,0.169407
0.0889871,0.170263
0.0889705,0.221636
0.088946,0.18339
0.0889298,0.0955027
0.0889244,0.0914588
0.0888867,0.101326
0.0888806,0.220197
0.088879,0.140421
0.0888692,0.0929428
0.088857,0.0983775
0.0888554,0.0899938
0.0888436,0.185154
0.0888428,0.123119
0.0888155,0.110951
0.0888145,0.188917
0.0888133,0.0928369
0.0888087,0.112362
0.0888084,0.188781
0.088804,0.106196
0.0887941,0.106278
0.0887817,0.171958
0.0887747,0.114277
0.0887593,0.181622
0.0887513,0.174719
0.0887511,0.103047
0.0887486,0.0946966
0.0887445,0.190152
0.0887434,0.191937
0.0887376,0.186718
0.0887129,0.174137
0.0887085,0.187113
0.0887035,0.105272
0.0887005,0.212961
0.0886891,0.19843
0.0886725,0.121489
0.0886445,0.0951595
0.0886425,0.157374
0.0886206,0.116999
0.0886109,0.187089
0.0886085,0.176955
0.0886002,0.184806
0.0885925,0.0957835
0.0885908,0.189522
0.0885869,0.0915822
0.0885848,0.114255
0.0885733,0.17103
0.0885728,0.0997966
0.0885461,0.0941073
0.0885408,0.185977
0.0885188,0.184664
0.0885118,0.112962
0.0884835,0.139306
0.0884659,0.0914336
0.0884569,0.0900904
0.0884513,0.171958
0.0884306,0.116932
0.0884162,0.0892483
0.0884036,0.0899713
0.088402,0.180435
0.0883848,0.112313
0.0883809,0.21431
0.0883723,0.175229
0.0883638,0.180965
0.0883415,0.121251
0.0883382,0.0923991
0.0883208,0.186621
0.088306,0.207682
0.0883019,0.096359
0.0882967,0.099416
0.0882836,0.196827
0.0882756,0.110507
0.0882601,0.114805
0.0882585,0.124861
0.0882584,0.180786
0.0882525,0.08865
0.0882415,0.175492
0.0882102,0.164488
0.0882058,0.176729
0.0882012,0.0989407
0.0881456,0.188288
0.0881454,0.0961949
0.08814,0.0944332
0.0881376,0.17623
0.0881371,0.126241
0.0881328,0.0912744
0.0881248,0.0994319
0.0880984,0.179113
0.0880907,0.114176
0.088077,0.0951494
0.0880711,0.118716
0.0880563,0.186018
0.088056,0.115612
0.0880362,0.200848
0.0880355,0.0897011
0.0880347,0.117834
0.0880346,0.117697
0.0880278,0.10001
0.0880211,0.177608
0.0879972,0.12478
0.0879963,0.193938
0.0879818,0.184968
0.0879715,0.0978377
0.0879652,0.238826
0.0879421,0.113731
0.08794,0.0884052
0.0879268,0.0964929
0.0879264,0.176105
0.0879134,0.112271
0.0879077,0.136039
0.0879022,0.0981728
0.0879001,0.155466
0.0878866,0.113089
0.0878756,0.10837
0.0878648,0.203125
0.0878614,0.0901257
0.0878555,0.101626
0.0878445,0.183979
0.0878416,0.0958964
0.0878408,0.0957114
0.0878096,0.0882569
0.0878001,0.167699
0.0877992,0.0953584
0.087798,0.194399
0.0877899,0.183639
0.087783,0.130777
0.0877471,0.195901
0.087747,0.15899
0.0877434,0.188278
0.0877392,0.0916557
0.0877355,0.0907014
0.087733,0.115385
0.0877267,0.120819
0.08771,0.0934302
0.0876987,0.115026
0.0876921,0.188918
0.0876908,0.230222
0.0876655,0.170062
0.0876521,0.171958
0.0876331,0.0927006
0.0876261,0.0945836
0.0876121,0.171958
0.0876001,0.110231
0.0875961,0.172084
0.0875808,0.184307
0.0875772,0.114956
0.0875622,0.114664
0.0875595,0.15998
0.0875361,0.192489
0.0875316,0.179681
0.0875263,0.18473
0.0875069,0.1829
0.0874922,0.116429
0.0874818,0.186365
0.087474,0.105585
0.0874717,0.0914776
0.0874652,0.193913
0.0874357,0.185814
0.0874331,0.187741
0.0874267,0.0905401
0.0874258,0.170763
0.0874166,0.168026
0.0874153,0.165808
0.087414,0.17836
0.0873901,0.196683
0.0873787,0.109861
0.0873751,0.187114
0.0873716,0.121645
0.0873661,0.188086
0.087355,0.090431
0.087354,0.171958
0.0873486,0.1095
0.0873449,0.0883467
0.0873286,0.0991633
0.0873242,0.123287
0.0873175,0.192167
0.0872963,0.189144
0.0872811,0.116598
0.0872737,0.121311
0.0872677,0.0999056
0.087265,0.0937421
0.0872505,0.183768
0.0872189,0.151047
0.0872133,0.185969
0.0872103,0.184483
0.0871833,0.19682
0.087167,0.0926018
0.0871516,0.173358
0.0871487,0.0904933
0.0871456,0.169118
0.0871259,0.0989558
0.0871162,0.200414
0.0871151,0.0989893
0.0871145,0.126788
0.0871135,0.175694
0.0871124,0.105996
0.0871081,0.191827
0.087097,0.105967
0.0870804,0.191715
0.0870713,0.0948279
0.0870621,0.0946064
0.0870621,0.0984471
0.0870475,0.184824
0.0870224,0.105025
0.0869983,0.0886186
0.0869925,0.167991
0.0869922,0.192913
0.0869653,0.134293
0.0869627,0.132775
0.0869603,0.188262
0.0869453,0.0883352
0.0869427,0.0977425
0.0869373,0.168713
0.0869238,0.0980306
0.0869225,0.195429
0.0868924,0.0875391
0.086885,0.0896411
0.0868824,0.10147
0.0868617,0.106543
0.0868542,0.130928
0.0868215,0.186784
0.0868172,0.16711
0.0868052,0.183601
0.0867875,0.119072
0.0867607,0.0955285
0.0867548,0.100857
0.0867433,0.0897553
0.0867409,0.206279
0.0867376,0.190105
0.0867363,0.177262
0.086724,0.105025
0.0867139,0.106048
0.0866934,0.171958
0.0866658,0.172753
0.0866562,0.170763
0.0866545,0.19654
0.0866381,0.103412
0.0866276,0.192719
0.0866233,0.176586
0.086614,0.196545
0.086602,0.0899633
0.0866019,0.0996426
0.0865887,0.141277
0.0865814,0.192788
0.0865782,0.0973638
0.0865585,0.120205
0.0865405,0.118607
0.0865391,0.148914
0.0865208,0.132803
0.0865113,0.129341
0.0864826,0.0928478
0.0864639,0.168788
0.0864622,0.189713
0.0864615,0.104119
0.0864179,0.179927
0.0864098,0.192275
0.086388,0.0934514
0.0863507,0.181751
0.0863451,0.191212
0.0863415,0.200163
0.0863316,0.099976
0.0863282,0.193997
0.0863197,0.0939467
0.0863081,0.171958
0.0862951,0.19271
0.0862681,0.173467
0.0862671,0.0942071
0.0862608,0.179693
0.0862275,0.192275
0.086224,0.189344
0.0861915,0.109955
0.0861819,0.164792
0.0861665,0.1909
0.086162,0.18718
0.0861591,0.0872497
0.0861445,0.0886968
0.0861275,0.187953
0.0861201,0.112553
0.0861043,0.173412
0.0860914,0.181546
0.0860772,0.192643
0.0860735,0.186717
0.0860595,0.0867983
0.0860586,0.107838
0.0860581,0.181537
0.0860501,0.157522
0.086046,0.195967
0.0860387,0.188547
0.0859525,0.180696
0.0859099,0.170388
0.0859089,0.10638
0.0859039,0.175205
0.0859021,0.15826
0.0858749,0.207717
0.0858688,0.092307
0.0858683,0.198652
0.0858648,0.188394
0.0858624,0.0892385
0.085858,0.176575
0.0858471,0.181769
0.0858448,0.107159
0.0858412,0.179499
0.0858374,0.193938
0.0858164,0.132342
0.0858162,0.103157
0.0858152,0.0898416
0.0857981,0.185577
0.0857981,0.0966376
0.0857962,0.0952062
0.0857604,0.126681
0.0857494,0.0983335
0.085736,0.19996
0.0857294,0.0867403
0.085728,0.0896104
0.0857228,0.162958
0.0857213,0.165851
0.0857023,0.193956
0.085667,0.16545
0.0856474,0.178782
0.0856449,0.101159
0.085639,0.0938658
0.0856288,0.193195
0.0856215,0.180418
0.0856206,0.0929103
0.0856198,0.185385
0.0856129,0.0857129
0.0856116,0.0878465
0.085599,0.126607
0.0855764,0.184173
0.0855736,0.0869919
0.0855726,0.146375
0.0855709,0.09253
0.0855694,0.166333
0.0855647,0.185036
0.0855591,0.113108
0.085551,0.111121
0.0855499,0.203424
0.0855488,0.096007
0.0855298,0.192081
0.0855295,0.097806
0.0855266,0.171958
0.0855084,0.0886263
0.0855072,0.0933552
0.085499,0.203681
0.0854576,0.18971
0.0854493,0.120054
0.0854481,0.120848
0.085448,0.101445
0.085427,0.180803
0.0854213,0.16263
0.0854206,0.183344
0.0854184,0.179934
0.0854133,0.191901
0.0854059,0.123177
0.0854034,0.15725
0.0854008,0.102987
0.0854006,0.190015
0.0853831,0.11674
0.0853775,0.0976542
0.085373,0.170184
0.085365,0.21101
0.0853626,0.107967
0.0853609,0.197267
0.0853587,0.194209
0.0853563,0.219152
0.085345,0.187084
0.0853354,0.202475
0.0853314,0.0946517
0.0853279,0.202055
0.0853215,0.0973924
0.085318,0.102525
0.0853177,0.101704
0.0853143,0.091154
0.0853124,0.182839
0.085303,0.198199
0.0852809,0.103989
0.0852785,0.0884517
0.0852641,0.182754
0.0852619,0.127087
0.0852494,0.170658
0.0852471,0.0890633
0.0852446,0.0899177
0.0852418,0.174107
0.0852261,0.0908738
0.085217,0.192676
0.0852022,0.184059
0.0851868,0.112
0.0851828,0.179604
0.0851686,0.183643
0.0851674,0.219404
0.0851661,0.0947715
0.0851566,0.0893416
0.0851329,0.0909077
0.0851206,0.186891
0.0851156,0.190498
0.0850856,0.0901108
0.0850744,0.141648
0.0850726,0.130244
0.0850697,0.11968
0.085061,0.197054
0.085061,0.192042
0.0850604,0.0948905
0.0850558,0.119923
0.0850537,0.0872941
0.0850529,0.23793
0.0850511,0.0868459
0.0850499,0.0875056
0.0850479,0.200957
0.0850434,0.0863624
0.0850403,0.180616
0.0850302,0.183196
0.0850225,0.0985841
0.0850101,0.170219
0.085007,0.0880011
0.0849985,0.0884138
0.0849805,0.189491
0.0849774,0.108622
0.0849745,0.103453
0.0849672,0.141947
0.0849605,0.185825
0.0849588,0.125187
0.0849364,0.177586
0.0849262,0.116525
0.0849261,0.18973
0.0849149,0.113416
0.0849103,0.118723
0.084909,0.0869346
0.0848912,0.0948195
0.0848864,0.203952
0.0848859,0.0903064
0.0848818,0.0978346
0.0848774,0.166371
0.0848734,0.19942
0.0848728,0.0992004
0.0848604,0.0906007
0.0848583,0.151043
0.0848507,0.148569
0.0848489,0.10288
0.0848423,0.109644
0.084821,0.101051
0.0848135,0.176343
0.0848092,0.0941874
0.084808,0.101023
0.0848057,0.0863758
0.0848004,0.214386
0.0847916,0.103825
0.0847906,0.198573
0.0847906,0.0896932
0.0847902,0.111173
0.0847735,0.150227
0.0847625,0.200518
0.0847611,0.193978
0.0847574,0.126599
0.0847546,0.0994413
0.0847521,0.182071
0.0847507,0.0878365
0.0847474,0.187943
0.0847435,0.17046
0.0847398,0.194379
0.0847328,0.0857636
0.0846899,0.198934
0.0846846,0.161854
0.0846789,0.11859
0.0846775,0.100634
0.0846698,0.137629
0.0846631,0.177707
0.084661,0.187499
0.0846589,0.112551
0.0846588,0.0869649
0.0846509,0.0959935
0.0846424,0.202198
0.0846331,0.117261
0.0846326,0.153373
0.0845977,0.167253
0.0845871,0.0885107
0.0845861,0.182295
0.084575,0.0863631
0.0845706,0.22316
0.0845663,0.0868462
0.0845635,0.0870187
0.0845556,0.239257
0.0845222,0.104764
0.0845187,0.187334
0.0845153,0.104229
0.0845112,0.181118
0.0845068,0.136368
0.0844993,0.151136
0.0844688,0.164947
0.0844686,0.19235
0.084465,0.162893
0.0844544,0.086423
0.0844481,0.08754
0.0844375,0.100945
0.0844372,0.0955483
0.084407,0.0979283
0.0844063,0.165444
0.0844062,0.0977307
0.084406,0.191629
0.0844031,0.168404
0.0843961,0.174473
0.0843733,0.0884146
0.0843642,0.179545
0.0843567,0.170122
0.0843554,0.0865215
0.0843429,0.139424
0.0843421,0.0951627
0.0843396,0.0970347
0.0843383,0.126136
0.0843359,0.0973998
0.0843356,0.164239
0.0843283,0.178437
0.0843225,0.0917807
0.0843195,0.0951366
0.0843175,0.0848239
0.0842971,0.0938725
0.084282,0.0910013
0.0842662,0.194908
0.0842638,0.0995946
0.0842592,0.104894
0.084254,0.101401
0.0842523,0.188245
0.0842496,0.185553
0.0842379,0.115589
0.0842297,0.178002
0.08421,0.189007
0.084201,0.0931308
0.0841945,0.101461
0.084166,0.179048
0.0841484,0.0895004
0.0841481,0.0996709
0.0841467,0.104426
0.0841431,0.0864249
0.0841423,0.0849872
0.0841153,0.110286
0.0841151,0.185121
0.0841104,0.186382
0.0841007,0.0960323
0.0840845,0.184934
0.0840772,0.123029
0.0840756,0.205157
0.0840684,0.0958896
0.0840603,0.206478
0.0840598,0.165702
0.0840583,0.165636
0.084055,0.175484
0.0840465,0.19891
0.0840421,0.0894111
0.0840408,0.118294
0.0840394,0.0867308
0.0840297,0.206503
0.0840135,0.0957009
0.08401,0.0902431
0.0840086,0.0882366
0.0840044,0.187988
0.0839891,0.0946418
0.0839862,0.198629
0.0839805,0.0995416
0.0839791,0.164037
0.0839766,0.171958
0.0839725,0.163666
0.083972,0.178035
0.083972,0.0973264
0.0839666,0.089885
0.0839366,0.0972969
0.0839209,0.201321
0.0839209,0.0897944
0.0839163,0.187217
0.0839133,0.188654
0.0839038,0.0871664
0.0839016,0.105644
0.0838797,0.0878431
0.0838695,0.186428
0.083858,0.18696
0.0838558,0.0863449
0.083831,0.0960403
0.0838211,0.179807
0.0837912,0.171958
0.0837885,0.168731
0.0837837,0.183661
0.0837825,0.0931901
0.0837733,0.0860009
0.0837457,0.120813
0.0837383,0.170774
0.0837299,0.0886545
0.0837132,0.0872591
0.0837053,0.107632
0.0837011,0.187559
0.0836994,0.0853052
0.0836991,0.0853787
0.083697,0.0838553
0.0836893,0.169041
0.0836866,0.191188
0.0836823,0.0897759
0.0836801,0.107161
0.0836671,0.0839618
0.0836628,0.115388
0.0836475,0.0882776
0.0836259,0.10837
0.0836218,0.209975
0.0836163,0.089628
0.0836054,0.0906935
0.083604,0.175294
0.0835843,0.188494
0.0835808,0.171428
0.0835736,0.0858118
0.0835677,0.084692
0.0835524,0.169057
0.0835468,0.0898401
0.0835425,0.229918
0.0835309,0.0922272
0.0835293,0.183729
0.0835268,0.200402
0.0835215,0.0840556
0.0835162,0.0968142
0.0835147,0.0857172
0.0835115,0.21896
0.0835036,0.10457
0.0835032,0.174921
0.0834985,0.119404
0.0834804,0.182226
0.0834718,0.189931
0.0834699,0.170985
0.0834616,0.0894413
0.0834564,0.176547
0.0834498,0.199052
0.0834369,0.218253
0.0834231,0.182334
0.0834151,0.0880908
0.0834033,0.0846834
0.0833971,0.148065
0.0833957,0.0863858
0.0833759,0.0943625
0.0833611,0.0931637
0.0833499,0.0892713
0.0833457,0.0941062
0.0833332,0.197732
0.0833329,0.217419
0.083315,0.207288
0.0832964,0.086739
0.083296,0.0839906
0.0832929,0.179285
0.0832925,0.182281
0.0832924,0.0899166
0.0832899,0.168242
0.0832872,0.0834974
0.0832871,0.0870529
0.0832857,0.13532
0.0832855,0.0980183
0.0832705,0.116244
0.0832685,0.104557
0.0832657,0.186418
0.0832657,0.0841104
0.0832607,0.123233
0.0832597,0.0931973
0.0832395,0.0972418
0.083229,0.0924763
0.0832205,0.173472
0.0832107,0.188668
0.0832023,0.223545
0.083191,0.193492
0.0831895,0.208507
0.0831848,0.0847163
0.0831817,0.0855317
0.0831698,0.0833287
0.0831693,0.120515
0.0831673,0.173194
0.0831672,0.174514
0.0831667,0.179672
0.0831578,0.106811
0.083156,0.0862429
0.0831502,0.193886
0.08315,0.0919157
0.0831423,0.0865324
0.0831159,0.0933488
0.0831159,0.141228
0.083108,0.123693
0.0830881,0.192624
0.0830727,0.105223
0.0830722,0.179423
0.0830711,0.110106
0.0830653,0.122351
0.0830401,0.180145
0.0830363,0.0876165
0.0830362,0.0893202
0.0830324,0.173659
0.0830231,0.168641
0.0830072,0.106007
0.0830064,0.191104
0.0829973,0.0835293
0.0829759,0.161495
0.0829751,0.0909126
0.0829736,0.102163
0.0829716,0.0908689
0.0829637,0.0851257
0.08296,0.135015
0.0829509,0.19232
0.0829445,0.0884871
0.0829352,0.158502
0.0829049,0.169077
0.0829042,0.0994759
0.0829026,0.0976065
0.0829018,0.181663
0.0828959,0.0857913
0.0828924,0.110412
0.0828893,0.199961
0.0828893,0.0875069
0.0828577,0.119152
0.0828572,0.100236
0.0828567,0.104412
0.0828468,0.116837
0.082842,0.173646
0.0828414,0.177579
0.0828365,0.0888163
0.0828348,0.10465
0.0828316,0.125352
0.0828269,0.119693
0.0828116,0.154423
0.0828104,0.106551
0.0828091,0.0855803
0.0827949,0.0849197
0.082794,0.177702
0.0827887,0.087969
0.0827799,0.0899045
0.0827597,0.18382
0.0827575,0.0838979
0.0827571,0.0865655
0.0827429,0.140093
0.0827371,0.139494
0.0827339,0.0878726
0.0827327,0.212581
0.0827312,0.107759
0.082727,0.0934528
0.0827247,0.0884366
0.0827226,0.0922867
0.0827206,0.16677
0.082718,0.0865012
0.0827164,0.0855048
0.0827164,0.0983361
0.0826998,0.192547
0.0826992,0.165256
0.0826922,0.135407
0.0826747,0.0921122
0.0826741,0.0939635
0.0826692,0.0848878
0.0826647,0.0918082
0.0826614,0.101733
0.0826607,0.134072
0.0826577,0.0976362
0.0826546,0.17589
0.0826533,0.0862067
0.0826467,0.189239
0.0826336,0.0922957
0.0826322,0.18341
0.0826312,0.0879104
0.0826262,0.0953281
0.082625,0.190085
0.082623,0.0834045
0.0826206,0.0892935
0.0826093,0.117464
0.0826011,0.10198
0.0825942,0.0857687
0.0825929,0.0998569
0.0825925,0.0841038
0.082592,0.176729
0.0825886,0.177205
0.082588,0.178306
0.0825791,0.0854631
0.0825745,0.182967
0.0825711,0.0974713
0.0825648,0.187514
0.0825505,0.116252
0.0825497,0.122872
0.0825355,0.08694
0.082532,0.116509
0.0825316,0.174967
0.0825188,0.0890485
0.0825173,0.133134
0.0825173,0.0829939
0.08251,0.0837361
0.0825047,0.0911071
0.0824978,0.0878097
0.082486,0.0966946
0.0824708,0.176386
0.0824703,0.0838251
0.082467,0.128805
0.0824668,0.0888947
0.0824602,0.18096
0.0824531,0.085969
0.0824518,0.200771
0.0824516,0.107545
0.0824336,0.091563
0.0824167,0.0986391
0.0824139,0.104157
0.0824098,0.0931135
0.0824071,0.184851
0.0824004,0.0824602
0.0823921,0.175457
0.0823915,0.0940483
0.082385,0.0841407
0.0823574,0.163556
0.0823528,0.0968492
0.0823508,0.194517
0.0823462,0.0923768
0.0823459,0.103942
0.0823439,0.0842796
0.0823416,0.215769
0.0823337,0.0883962
0.0823329,0.0856214
0.0823283,0.0884198
0.0823238,0.189317
0.0822954,0.106457
0.082295,0.0876262
0.0822935,0.0977117
0.0822924,0.182309
0.082278,0.0916188
0.0822721,0.0857695
0.0822721,0.187498
0.0822712,0.0855079
0.0822692,0.0991886
0.082268,0.0882405
0.0822651,0.0947282
0.0822595,0.173648
0.0822595,0.0861338
0.0822487,0.184379
0.0822482,0.0834225
0.0822454,0.171381
0.0822358,0.0856467
0.0822266,0.179156
0.0822253,0.185847
0.0822247,0.114466
0.0822086,0.123051
0.0822086,0.176488
0.0822029,0.0851488
0.0821967,0.102469
0.0821934,0.110859
0.0821848,0.177499
0.0821846,0.171052
0.0821791,0.0840651
0.0821768,0.190803
0.0821606,0.103247
0.0821462,0.095071
0.082141,0.186437
0.082128,0.0920949
0.0821249,0.0850226
0.0821188,0.0941286
0.0821169,0.0863085
0.0821163,0.0878278
0.0821081,0.145298
0.0820976,0.090344
0.0820943,0.0829737
0.0820849,0.174995
0.0820842,0.0851473
0.0820839,0.108189
0.0820838,0.0874976
0.0820757,0.100411
0.082069,0.205554
0.0820687,0.187318
0.0820641,0.193924
0.0820636,0.115237
0.082063,0.0859045
0.0820513,0.169313
0.0820432,0.0882603
0.0820342,0.183374
0.0820288,0.123901
0.082026,0.0953424
0.0820231,0.091456
0.082023,0.191624
0.0820158,0.0872848
0.082003,0.173097
0.0819975,0.0899039
0.0819909,0.171103
0.0819803,0.0901811
0.0819784,0.0914827
0.0819775,0.13108
0.0819772,0.182159
0.0819728,0.0990271
0.0819581,0.180956
0.0819537,0.0884989
0.081953,0.114813
0.0819388,0.184685
0.0819333,0.0915303
0.0819246,0.188159
0.0819154,0.089659
0.0819141,0.166849
0.0819038,0.172962
0.0819001,0.101226
0.0818904,0.101379
0.081872,0.0836639
0.0818704,0.191986
0.0818629,0.180047
0.0818618,0.19481
0.0818612,0.190012
0.0818509,0.206659
0.0818498,0.105249
0.0818469,0.168603
0.0818432,0.0858857
0.0818406,0.0837772
0.08184,0.186465
0.0818374,0.0934075
0.0818369,0.0863085
0.0818334,0.0968036
0.081825,0.186622
0.0818083,0.0871066
0.0818069,0.185375
0.0817955,0.191772
0.0817939,0.102375
0.0817846,0.183878
0.0817766,0.199874
0.0817621,0.0936554
0.0817549,0.0872341
0.0817451,0.0931491
0.081742,0.138266
0.0817374,0.208271
0.0817321,0.0838743
0.0817271,0.17248
0.0817269,0.178628
0.0817172,0.17916
0.0817152,0.121654
0.0817097,0.193252
0.0817051,0.149832
0.0817,0.116865
0.0816936,0.0989919
0.0816912,0.22241
0.0816905,0.0934128
0.0816887,0.111111
0.0816883,0.0898652
0.0816791,0.113792
0.0816759,0.170829
0.0816641,0.185994
0.0816607,0.0834652
0.081658,0.0866606
0.0816531,0.0956011
0.0816484,0.119121
0.0816413,0.18954
0.0816374,0.17766
0.0816296,0.169852
0.0816296,0.0878131
0.0816271,0.124779
0.0816074,0.0820866
0.0816032,0.0945689
0.0815912,0.0842894
0.0815857,0.0881002
0.081584,0.182639
0.0815804,0.0872904
0.0815803,0.19456
0.0815728,0.0924917
0.0815578,0.173531
0.0815551,0.0957912
0.081554,0.176947
0.081553,0.0996693
0.0815425,0.082237
0.0815322,0.0834015
0.0815211,0.0959223
0.0815175,0.0955272
0.081517,0.176203
0.0815149,0.18281
0.0815116,0.0893425
0.0815064,0.0846485
0.0815058,0.126895
0.0814748,0.18221
0.0814745,0.0917746
0.0814717,0.158252
0.081469,0.168768
0.0814649,0.0978128
0.0814561,0.198181
0.0814523,0.0968659
0.0814482,0.0870664
0.0814396,0.0817163
0.0814289,0.0882275
0.0814158,0.0885916
0.0814139,0.0833393
0.0814037,0.0863663
0.0813982,0.178636
0.0813931,0.171879
0.0813841,0.0976447
0.0813727,0.0836527
0.0813615,0.0826743
0.0813567,0.0831288
0.0813452,0.0866754
0.0813447,0.0878322
0.0813435,0.0823102
0.0813433,0.0836366
0.0813353,0.084011
0.0813239,0.171603
0.0813121,0.111622
0.0813105,0.10476
0.08131,0.201753
0.08131,0.0823574
0.0813076,0.22245
0.0813041,0.0920073
0.0813021,0.0873544
0.0812854,0.179334
0.0812837,0.11635
0.0812825,0.085303
0.0812807,0.2005
0.0812761,0.174011
0.0812713,0.0997757
0.0812693,0.184695
0.0812688,0.0833779
0.0812672,0.0842915
0.0812654,0.0926339
0.081263,0.0864809
0.0812578,0.0845663
0.0812461,0.0823277
0.0812453,0.0846363
0.081238,0.120057
0.0812291,0.0850835
0.0812213,0.226181
0.0812175,0.0909016
0.0812118,0.0978825
0.0812107,0.100123
0.0812054,0.183886
0.0812019,0.176695
0.0811949,0.0986782
0.0811936,0.0967
0.0811832,0.10793
0.0811753,0.132191
0.0811747,0.187121
0.0811608,0.200798
0.0811594,0.0814415
0.0811574,0.0831241
0.081157,0.0942215
0.0811495,0.101125
0.0811482,0.0885353
0.0811425,0.0830362
0.0811295,0.143146
0.0811056,0.0842366
0.0811032,0.119286
0.0810998,0.187632
0.0810976,0.19834
0.081096,0.0854196
0.0810939,0.187461
0.081079,0.167321
0.0810775,0.0870123
0.0810693,0.175814
0.0810666,0.0820641
0.0810541,0.173318
0.0810504,0.120092
0.0810477,0.0893471
0.0810438,0.200755
0.0810376,0.114271
0.081035,0.08785
0.0810332,0.0875372
0.0810302,0.0887769
0.0810265,0.116277
0.0810221,0.0856162
0.0810198,0.091331
0.0810178,0.104473
0.0810077,0.0829762
0.0810038,0.171958
0.0810034,0.0823745
0.0810031,0.103436
0.0810027,0.17868
0.0809998,0.0916325
0.0809997,0.186915
0.0809978,0.172909
0.0809952,0.184516
0.0809909,0.08227
0.080987,0.0859108
0.0809844,0.121661
0.080983,0.101215
0.0809812,0.0833271
0.0809714,0.0916446
0.0809633,0.0951239
0.080961,0.0900813
0.0809578,0.0832777
0.0809531,0.0833607
0.0809328,0.104839
0.0809313,0.0897469
0.0809203,0.196603
0.0809174,0.0998263
0.0809172,0.189235
0.0809094,0.0826244
0.080906,0.189248
0.0808994,0.0840328
0.0808953,0.0921312
0.0808917,0.107506
0.0808913,0.188017
0.080888,0.19369
0.0808832,0.191217
0.0808718,0.193322
0.0808667,0.178024
0.0808482,0.176358
0.0808402,0.0869931
0.0808371,0.184706
0.0808254,0.0830808
0.0808118,0.190445
0.0807972,0.0842989
0.0807905,0.0845581
0.0807832,0.0939595
0.0807806,0.0859112
0.0807725,0.0812694
0.0807677,0.091433
0.0807612,0.0829626
0.0807572,0.172998
0.0807547,0.172804
0.0807517,0.177455
0.0807494,0.171958
0.0807475,0.100651
0.0807468,0.185512
0.080745,0.0927794
0.0807323,0.0886294
0.0807308,0.0909963
0.0807287,0.0853402
0.0807283,0.0812116
0.0807195,0.200315
0.0806923,0.0905368
0.0806802,0.180311
0.0806749,0.0846043
0.0806693,0.10255
0.0806663,0.0820224
0.0806613,0.176134
0.0806603,0.0840976
0.0806562,0.0841763
0.0806498,0.15837
0.0806461,0.0877734
0.0806452,0.12239
0.0806447,0.101705
0.0806417,0.0898239
0.0806361,0.0900934
0.0806333,0.0929414
0.080631,0.0812946
0.0806304,0.0820174
0.0806301,0.0864128
0.0806284,0.0814774
0.0806248,0.0823592
0.0806248,0.108292
0.0806241,0.144933
0.0806213,0.157731
0.0806183,0.199398
0.0806142,0.0896939
0.0806095,0.0880659
0.0805986,0.086878
0.080598,0.228789
0.0805947,0.101073
0.0805807,0.111921
0.0805692,0.0815896
0.0805651,0.0882887
0.0805596,0.0831984
0.0805529,0.087146
0.0805422,0.195259
0.0805396,0.210778
0.0805392,0.0825653
0.080537,0.0813207
0.0805359,0.0859916
0.0805329,0.0886985
0.0805323,0.0906283
0.0805301,0.197741
0.0805202,0.089426
0.0805143,0.0907278
0.0805089,0.0810832
0.0805056,0.0861575
0.0805021,0.18785
0.0805003,0.0818964
0.0804775,0.192075
0.0804711,0.0955355
0.0804674,0.17407
0.0804563,0.0832606
0.0804498,0.0809191
0.0804496,0.0832086
0.0804483,0.174199
0.0804472,0.116392
0.0804457,0.187591
0.0804454,0.0831874
0.080438,0.180317
0.080433,0.0986653
0.0804328,0.122165
0.0804281,0.0812961
0.0804262,0.0883725
0.0804245,0.0809564
0.0804232,0.0818838
0.0804129,0.0891789
0.0804062,0.0812038
0.0803992,0.0861508
0.0803981,0.0835617
0.0803971,0.0872721
0.0803823,0.0828493
0.080379,0.184289
0.080374,0.0805108
0.0803739,0.0935786
0.0803707,0.168732
0.0803701,0.0955721
0.0803658,0.108532
0.0803577,0.196734
0.0803577,0.106226
0.0803559,0.181702
0.0803506,0.20996
0.0803473,0.178054
0.0803417,0.10939
0.0803408,0.206578
0.0803404,0.202194
0.0803378,0.0835765
0.0803296,0.107794
0.0803296,0.082152
0.0803291,0.0814789
0.0803262,0.186823
0.0803246,0.0864271
0.0803245,0.10367
0.0803204,0.0860876
0.0803184,0.106506
0.0803063,0.084803
0.080303,0.197074
0.0803027,0.197026
0.0803004,0.0810845
0.0802834,0.173815
0.0802802,0.0815357
0.0802782,0.105812
0.0802778,0.101693
0.0802775,0.0808756
0.080277,0.198207
0.0802704,0.083505
0.0802675,0.0825987
0.0802631,0.0809474
0.080259,0.08561
0.0802569,0.140279
0.0802524,0.0805464
0.0802486,0.231373
0.0802452,0.093221
0.080241,0.0852708
0.0802334,0.0967844
0.0802333,0.171958
0.0802316,0.171086
0.0802272,0.0987981
0.0802259,0.0825974
0.0802146,0.104633
0.0802123,0.192329
0.0802053,0.0880641
0.0802034,0.0838979
0.0802024,0.0985513
0.0802007,0.083293
0.0801951,0.0819633
0.0801945,0.0812494
0.0801896,0.198217
0.0801852,0.171234
0.0801772,0.233828
0.0801721,0.17378
0.0801692,0.0908568
0.0801687,0.0812004
0.080153,0.0968797
0.0801487,0.0815299
0.080146,0.0841383
0.0801442,0.0836761
0.0801337,0.116804
0.0801334,0.0990166
0.0801327,0.0823868
0.0801311,0.181362
0.0801301,0.169974
0.0801288,0.0819166
0.0801126,0.188089
0.0801116,0.0810671
0.0801116,0.189724
0.0801082,0.0890634
0.0801067,0.11484
0.0800982,0.176035
0.0800928,0.0847746
0.0800838,0.167154
0.0800827,0.176272
0.0800794,0.0840907
0.080079,0.0804346
0.0800771,0.198079
0.0800752,0.160743
0.0800734,0.0830503
0.080069,0.0810848
0.0800658,0.205014
0.0800658,0.080213
0.0800614,0.0807235
0.0800555,0.0816365
0.0800505,0.107434
0.0800399,0.0972436
0.080037,0.171958
0.0800357,0.16971
0.0800356,0.0839232
0.0800351,0.0996343
0.0800344,0.0833437
0.0800343,0.0911917
0.0800325,0.17121
0.0800314,0.0888583
0.0800206,0.0915637
0.08002,0.0838744
0.0800104,0.0854294
0.0800078,0.138853
0.0800057,0.0830686
0.0800017,0.104191
0.08,0.0957037
0.079997,0.0870597
0.0799932,0.0843933
0.0799894,0.0849278
0.0799807,0.0911606
0.0799789,0.0823708
0.0799778,0.0836195
0.0799691,0.19525
0.0799685,0.0822843
0.0799673,0.0817731
0.079966,0.081695
0.0799622,0.0814082
0.0799618,0.0832789
0.0799583,0.161626
0.0799581,0.0836101
0.0799575,0.119287
0.079954,0.168741
0.0799459,0.0919476
0.0799406,0.0808331
0.0799367,0.0905599
0.0799363,0.0863845
0.0799338,0.0835382
0.079928,0.0804404
0.0799241,0.0830082
0.0799222,0.0837052
0.0799119,0.184895
0.0799117,0.105469
0.0799099,0.0985027
0.0799074,0.0830418
0.0799063,0.089792
0.0799021,0.0803759
0.0799012,0.186318
0.0798983,0.0878588
0.0798977,0.0994141
0.0798847,0.0805843
0.0798823,0.0801932
0.0798822,0.0805889
0.0798779,0.0804105
0.0798737,0.0866597
0.0798727,0.0819692
0.0798654,0.0801941
0.0798612,0.0816199
0.0798605,0.0943916
0.0798597,0.0822913
0.0798493,0.190824
0.0798468,0.081705
0.0798408,0.0912224
0.0798352,0.0964156
0.079828,0.0929593
0.0798278,0.0846277
0.0798263,0.185707
0.079823,0.106894
0.0798194,0.0835411
0.0798173,0.0868376
